user_input,retrieved_contexts,response,reference,faithfulness,answer_relevancy,llm_context_precision_with_reference,context_recall
Apa itu Rekening Pasif atau Dormant menurut Bank Danamon?,"['11 \ndengan \nini \nmemberi \nkuasa \nkepada \nBank \nuntuk \nmenghancurkan warkat tolakan tersebut.  \n10. Khusus untuk Nasabah yang berbentuk badan usaha atau \nbadan hukum, dapat mengajukan permohonan kepada \nBank untuk penggunaan stempel/cap sebagai satu \npersyaratan dalam penarikan/pemindahbukuan/transfer/ \nInstruksi tertulis lainnya berkaitan dengan Rekening \nNasabah. Nasabah setuju bahwa ukuran, warna tinta \nstempel/cap maupun warna tinta tanda tangan tidak akan \ndijadikan sebagai alat verifikasi oleh Bank. \n11. Rekening Tabungan/Giro yang tidak aktif sesuai ketentuan \nBank dalam periode tertentu akan diperlakukan sebagai \nRekening Pasif/Dormant. Pengaktifan Rekening Pasif \ndilakukan sesuai dengan prosedur yang berlaku pada \nBank. Pencetakan Bukti Mutasi Rekening Pasif/Dormant \nmengacu pada  point II.C.1.a.  \n12. Nasabah dengan ini setuju bahwa Bank berwenang untuk \ntidak menjalankan transaksi atau menunda pelaksanaan \ntransaksi jika transaksi Nasabah terkait dengan adanya \nlarangan/pembatasan/persyaratan yang harus dipenuhi \nterlebih dahulu sebagaimana telah diatur dalam peraturan \nperundang-undangan yang berlaku dan/atau kebijakan \ninternal Bank dan atas hal tersebut akan diberitahukan \noleh Bank kepada Nasabah. \nC. PEMBUKUAN \n1. Pembukuan atas Rekening dilakukan oleh Bank dengan \nketentuan sebagai berikut: \na. Khusus Tabungan dan Giro: \n1) Setiap \ntransaksi, \nbaik \npenyetoran \nmaupun \npenarikan pada Rekening yang mengakibatkan \nperubahan saldo/mutasi, akan dibukukan/dicatat', 'Hello \nDanamon/IVR \ndan \nkewenangan penggunaannya hanya ada pada Nasabah. \n22. Rekening adalah simpanan-simpanan Nasabah dalam \nbentuk Giro, Tabungan, Deposito dan/atau bentuk lainnya \nyang dipersamakan dengan itu, baik yang telah dibuka \nNasabah \npada \nBank \nmaupun \nyang \nakan \ndibuka \ndikemudian hari. \n23. Rekening Pasif/Dormant (selanjutnya disebut ”Rekening \nPasif”) adalah simpanan Nasabah dalam bentuk Giro atau \nTabungan yang tidak memiliki aktivitas transaksi, selain \nbiaya administrasi dan bunga simpanan, selama 6 (enam) \nbulan berturut-turut atau dalam periode tertentu yang \nditetapkan Bank.', 'diberikan Nasabah kepada Bank dan/atau terdapat \nsengketa diantara Nasabah; atau \n4) Dana pada Rekening Nasabah tidak mencukupi \ndan/atau Rekening dalam keadaan tidak aktif \n(diblokir, rekening Nasabah masuk dalam kriteria \nRekening Pasif dan lainnya); maupun \n5) Penggunaan Rekening tidak sesuai dengan profil \nNasabah dan terdapat indikasi pelanggaran tindak \npidana \npencucian \nuang \ndan/atau \npendanaan \nterorisme. \nb. Permintaan dari instansi terkait atau Bank lain \nsebagaimana diatur dalam regulasi yang berlaku.  \nc. Diwajibkan oleh peraturan perundang-undangan yang \nberlaku. \nd. Karena sebab-sebab lain yang terjadi diluar kendali \nBank (termasuk namun tidak terbatas pada terjadinya \nforce majeure) atau bertentangan dengan ketentuan \nyang ditetapkan.', '8\n8. Bank hanya berkewajiban untuk melayani transaksi \npenarikan/pembayaran/pemindahbukuan/transfer \ndari \nRekening \nNasabah \nsesuai \ninstruksi/permintaan \ndari \nNasabah \natau \nPerwakilan \nNasabah \ndan \ndengan \nmemperhatikan ketentuan spesimen tanda tangan yang \ntelah diadministrasikan di Bank dengan ketentuan sebagai \nberikut:  \na. Khusus Tabungan: \n1) Penarikan tunai atau perintah pemindahbukuan \natau \nperintah \ntransfer \ndari \nTabungan \ndapat \ndilakukan Nasabah melalui counter Bank dengan \nmenggunakan dokumen transaksi yang disediakan \noleh Bank dengan tetap memperhatikan ketentuan \nverifikasi Nasabah melalui PINPad EDC dan/atau \nspesimen tanda tangan yang diadministrasikan \npada Bank. Selain itu transaksi dapat juga dilakukan \nmelalui ATM atau layanan lainnya yang disediakan', 'digunakan oleh Nasabah untuk melakukan setoran tunai \nke rekening atau inquiry saldo rekening serta fitur-fitur \nlainnya sesuai ketentuan yang berlaku pada Bank yang \ndapat dilihat melalui media komunikasi yang tersedia pada \nBank. \n6. Danamon Token adalah perangkat/alat yang dapat \nmenghasilkan Kode Rahasia Token yang dapat berupa \nchallenge response maupun One Time Password (OTP)', '20 \n4) Biaya \nyang \ntimbul \nsehubungan \ndengan \npelaksanaan pencairan Deposito dan transfer \ntersebut, \nakan \ndikurangi \ndari \nnominal \nhasil \npencairan Deposito. Pelaksanaan transfer akan  \ndilakukan oleh Bank sesuai dengan data instruksi  \nyang diberikan secara tertulis dari Nasabah. Hal-hal \nyang \nberkaitan \ndengan \npelaksanaan \ntransfer \ntersebut, tunduk pada Ketentuan Umum Transfer \nDalam/Luar Negeri pada Bank. \n8. Bank berhak melakukan penutupan Rekening Nasabah \n(termasuk layanan ATM, Kartu Debit/ATM, layanan lainnya \nyang diperoleh Nasabah berkaitan dengan Rekening) dan \nsekaligus membebankan biaya administrasi penutupan \nRekening dan biaya lain yang berlaku pada Bank:  \na. Jika Rekening Nasabah termasuk kriteria Rekening \nPasif/Dormant dan saldo telah menjadi nol. \nb. Apabila Nasabah memberikan data yang diragukan \nkebenarannya oleh pihak Bank. \nc. Jika penggunaan Rekening tidak sesuai dengan profil \nNasabah.  \nd. Berdasarkan peraturan perundang-undangan yang \nberlaku Bank menjadi diwajibkan untuk menutup \nRekening Nasabah. \nPenutupan tersebut dilakukan dengan pemberitahuan \nkepada Nasabah melalui sarana yang lazim digunakan \nkecuali \nuntuk \npenutupan \nRekening \nNasabah \nyang \ntermasuk kriteria Rekening Pasif/Dormant dan saldo telah \nmenjadi nol, Nasabah menyetujui dan memberikan kuasa \nkepada Bank untuk melakukan penutupan Rekening \ntersebut secara otomatis oleh sistem Bank. \n9. Apabila Nasabah meninggal dunia atau pailit atau \ndibubarkan atau diletakkan dibawah pengawasan pihak', '2\nI.   DEFINISI \nDalam Syarat dan Ketentuan Umum ini, kata-kata berikut \nakan memiliki arti sebagaimana dicantumkan di bawah ini \nkecuali menurut konteksnya dibutuhkan pengertian yang \nberbeda:  \n1. Anjungan Tunai Mandiri (ATM) adalah mesin elektronik \nuntuk pelayanan perbankan yang dimiliki/dikelola oleh \nBank, maupun yang dimiliki/dikelola Bank lain namun \nberdasarkan \nkerja \nsama \ndengan \nBank, \ndapat \ndipergunakan oleh Nasabah untuk tarik tunai, inquiry saldo \ndan transaksi lainnya sesuai ketentuan yang berlaku pada \nBank yang dapat dilihat melalui media komunikasi yang \ntersedia pada Bank.  \n2. Bank \nadalah \nPT \nBank \nDanamon \nIndonesia \nTbk \nberkedudukan \ndi \nJakarta, \nyang \nbertindak \nmelalui \ncabangnya di seluruh Indonesia.  \n3. Bank Notes adalah mata uang asing yang masih berlaku', '27 \nadalah Nasabah yang terdaftar di sistem Bank sebagai \nrekening utama/primary account. \n4. Nasabah menjamin dan membebaskan Bank dari segala \nkewajiban, tuntutan, gugatan, dan klaim apapun, serta dari \npihak \nmanapun, \ntermasuk \ndari \nNasabah \nsendiri, \nsehubungan dengan pelaksanaan layanan Rekening \nKoran \nElektronik, \ntermasuk \nadanya \nketerlambatan \npenerimaan, tidak diterimanya email dan/atau kegagalan \npengiriman email yang antara lain disebabkan oleh \nkesalahan pemberian data alamat email kepada Bank, \nperubahan alamat email yang tidak diberitahukan kepada \nBank, email Nasabah karena suatu sebab tidak dapat \ndiakses (antara lain karena terblokir atau sebab lainnya), \nkarena terjadinya Force Majeure sebagaimana dimaksud \ndalam butir IV.D Syarat dan Ketentuan Umum ini dan/atau']","Menurut Bank Danamon, **Rekening Pasif (Dormant)** adalah simpanan Nasabah dalam bentuk Giro atau Tabungan yang tidak memiliki aktivitas transaksi selama 6 bulan berturut-turut.

Selain itu, Rekening ini juga dapat dikategorikan sebagai Dormant jika saldo telah menjadi nol dan memenuhi kriteria lainnya seperti:
*   Simpena nasabah dengan akun utama/primary account di mana data alamat email mengalami perubahan tanpa pemberitahuan kepada Bank;
*   Dana pada rekening tersebut kurang dari nominal minimum untuk pencairan Deposito tertentu sesuai ketentuan Bank; maupun",Rekening Pasif/Dormant adalah simpanan nasabah dalam bentuk Giro atau Tabungan yang tidak memiliki aktivitas transaksi (selain biaya administrasi dan bunga simpanan) selama periode tertentu yang ditetapkan Bank.,0.25,0.867953529040085,0.8333333333055556,1.0
Bolehkah nasabah menarik dana melebihi saldo yang tersedia di rekening?,"['Rekening. \n4. Apabila transaksi setoran dilakukan dalam valuta yang \nberbeda, maka Bank dengan ini diberi kuasa oleh \nNasabah untuk melakukan konversi sesuai ketentuan/ \nprosedur yang berlaku pada Bank. Nasabah juga setuju \nbahwa pelaksanaan transaksi yang terkait dengan valas \ntunduk pada peraturan perundang-undangan yang berlaku \nserta Nasabah bersedia memenuhi persyaratan yang \nditentukan oleh Bank.  \n5. Nasabah setuju dan dengan ini memberi kuasa kepada \nBank untuk melakukan konversi dan pengkreditan dana \natas transaksi setoran/incoming transfer yang melibatkan \nvaluta yang berbeda dengan Rekening tujuan sesuai \ndengan Ketentuan Tarif yang berlaku yang dapat dilihat \nmelalui media komunikasi yang tersedia pada Bank.  \n6. Nasabah setuju dan dengan ini memberi kuasa kepada \nBank untuk melakukan retur transfer apabila persyaratan \ndokumen atas transaksi pembelian valas terhadap Rupiah \ndan/atau pembatasan transaksi Rupiah belum diterima \nsesuai batas waktu yang telah ditentukan. \n7. Nasabah tidak diperkenankan melakukan penarikan dana \ndari Rekening melampaui jumlah saldo kredit yang \nmengakibatkan saldo Rekening Nasabah menjadi debet \n(overdraft/cerukan), tanpa fasilitas kredit yang telah \ndisetujui Bank secara tertulis dan dokumentasi kredit yang \ndipersyaratkan \ntelah \ndilengkapi \nsebelum \ntransaksi \ndilakukan.', 'akan berdampak pada penarikan dana Rekening, maka \nNasabah wajib menyediakan dana yang cukup di \nrekeningnya. Ketidaktersediaan dana dapat menyebabkan \nBank tidak menjalankan instruksi tersebut. \nB. PENYETORAN, PINDAHBUKU/TRANSFER DAN \nPENARIKAN  \n1. Nasabah dapat melakukan penyetoran ke Rekening \nsecara tunai maupun non tunai dengan menggunakan \nwarkat Cek dan/atau Bilyet Giro atau pemindahbukuan. \nSetoran non tunai baru dianggap berlaku efektif apabila \ndananya telah diterima oleh Bank dan sesuai dengan \nketentuan pembukuan yang diatur pada butir II.C \n(Pembukuan) pada Syarat dan Ketentuan Umum ini. \nSetoran melalui counter Bank hanya diakui apabila \ndokumen transaksi telah divalidasi (bukti cetakan data dari \nsistem) atau disahkan oleh petugas Bank sesuai dengan', 'administrasi/pembukuan \nterhadap \nRekening \nNasabah \nyang \nmengakibatkan \npengurangan/pendebetan saldo dan pada saat koreksi \ndilakukan ternyata saldo tidak mencukupi, maka Bank \nberhak dan dengan ini diberi kuasa oleh Nasabah untuk \nmendebet/mencairkan simpanan-simpanan lainnya yang \ndimiliki Nasabah yang ada pada Bank dan/atau menagih \nkembali dengan seketika dan sekaligus kekurangannya \ntersebut kepada Nasabah.  \n3. Nasabah wajib menyimpan Bukti Mutasi/bukti kepemilikan \nRekening dengan baik agar tidak hilang dan/atau \ndisalahgunakan oleh pihak yang tidak berhak. Nasabah \nbertanggung jawab atas kehilangan, penyalahgunaan \nBukti Mutasi/bukti kepemilikan Rekening yang telah \ndiserahkan oleh Bank kepada Nasabah atau Perwakilan \nNasabah.', '2\nI.   DEFINISI \nDalam Syarat dan Ketentuan Umum ini, kata-kata berikut \nakan memiliki arti sebagaimana dicantumkan di bawah ini \nkecuali menurut konteksnya dibutuhkan pengertian yang \nberbeda:  \n1. Anjungan Tunai Mandiri (ATM) adalah mesin elektronik \nuntuk pelayanan perbankan yang dimiliki/dikelola oleh \nBank, maupun yang dimiliki/dikelola Bank lain namun \nberdasarkan \nkerja \nsama \ndengan \nBank, \ndapat \ndipergunakan oleh Nasabah untuk tarik tunai, inquiry saldo \ndan transaksi lainnya sesuai ketentuan yang berlaku pada \nBank yang dapat dilihat melalui media komunikasi yang \ntersedia pada Bank.  \n2. Bank \nadalah \nPT \nBank \nDanamon \nIndonesia \nTbk \nberkedudukan \ndi \nJakarta, \nyang \nbertindak \nmelalui \ncabangnya di seluruh Indonesia.  \n3. Bank Notes adalah mata uang asing yang masih berlaku', 'pada Bank yang merupakan bukti sah dan mengikat \nNasabah, dan untuk itu Nasabah dengan ini berjanji untuk \nmemenuhi/melunasi kewajiban tersebut dengan seketika \ndan sekaligus setelah menerima pemberitahuan pertama \ndari Bank. \nC. BIAYA-BIAYA DAN DENDA ADMINISTRASI \nBank berhak dan dengan ini diberi kuasa oleh Nasabah \nuntuk mendebet Rekening Nasabah guna pembayaran \nbiaya (biaya administrasi, bea meterai, biaya sehubungan \ndengan fasilitas-fasilitas yang dikehendaki Nasabah, biaya \nteleks, biaya faksimili, provisi, maupun biaya penutupan \nRekening) dan biaya lainnya yang berlaku pada Bank \nserta denda/penalti (saldo Nasabah dibawah saldo \nminimum yang ditentukan oleh Bank maupun sebab-sebab \nlain sesuai ketentuan Bank). Bank akan menginformasikan', '5\n24. Transaksi \nKeuangan \nadalah \npemanfaatan \nproduk \ndan/atau layanan jasa keuangan Bank dan/atau pihak lain \nyang ditawarkan melalui Bank berupa Transaksi Finansial \ndan Transaksi Non Finansial. \n25. Transaksi Finansial adalah bentuk transaksi yang \nberdampak pada perubahan saldo Rekening, seperti \ntransaksi penempatan deposito, transfer antar bank, \npemindahbukuan, pembayaran tagihan, isi ulang pulsa \n(voucher reload), dan transaksi-transaksi lain yang \ndisetujui olah Bank. \n26. Transaksi Non Finansial adalah transaksi yang tidak \nberdampak pada perubahan saldo Rekening, seperti \npermintaan: inquiry saldo dan mutasi rekening, perubahan \ndata, pemesanan Cek/Bilyet Giro, pembuatan PIN telepon, \ndan transaksi-transaksi lain yang disetujui oleh Bank.', 'simpanan melebihi tingkat bunga yang wajar yang \nditetapkan LPS untuk periode yang bersangkutan), \ntermasuk \nmenerima \nrisiko \natas \nsimpanannya \nsebagai simpanan yang tidak layak dibayar jika ijin \nusaha Bank dicabut. \n3) Menyebabkan kondisi Bank tidak sehat.', 'pencairan dananya akan dikredit/ditransfer ke \nRekening Nasabah/pihak lain yang terdapat pada \nBank atau bank lain (sesuai instruksi Nasabah pada \nsaat awal penempatan Deposito), maka pada saat \njatuh \ntempo \ndana \ntersebut \ndapat \nlangsung \ndikredit/ditransfer \ntanpa \npenyerahan \nBilyet \nDeposito. \nNasabah \nsetuju \ndan \nmengakui \nsepenuhnya bahwa Bilyet Deposito yang masih \ndikuasai Nasabah demi hukum menjadi tidak \nberlaku dan tidak dapat ditagih/dimintakan kembali \npembayarannya kepada Bank. Bukti pelaksanaan \npembukuan/transfer ke Rekening Nasabah/pihak \nlain berdasarkan instruksi tersebut merupakan bukti \npencairan dan penerimaan dana yang sah serta \nmengikat Nasabah dan penerima dana. \n3) Pencairan Deposito yang dananya ditransfer ke', '20 \n4) Biaya \nyang \ntimbul \nsehubungan \ndengan \npelaksanaan pencairan Deposito dan transfer \ntersebut, \nakan \ndikurangi \ndari \nnominal \nhasil \npencairan Deposito. Pelaksanaan transfer akan  \ndilakukan oleh Bank sesuai dengan data instruksi  \nyang diberikan secara tertulis dari Nasabah. Hal-hal \nyang \nberkaitan \ndengan \npelaksanaan \ntransfer \ntersebut, tunduk pada Ketentuan Umum Transfer \nDalam/Luar Negeri pada Bank. \n8. Bank berhak melakukan penutupan Rekening Nasabah \n(termasuk layanan ATM, Kartu Debit/ATM, layanan lainnya \nyang diperoleh Nasabah berkaitan dengan Rekening) dan \nsekaligus membebankan biaya administrasi penutupan \nRekening dan biaya lain yang berlaku pada Bank:  \na. Jika Rekening Nasabah termasuk kriteria Rekening \nPasif/Dormant dan saldo telah menjadi nol.']","Tidak, nasabah tidak diperkenankan melakukan penarikan dana melebihi saldo yang tersedia di rekening.

Jika terjadi kondisi ini (saldo menjadi debit/overdraft), maka Bank berhak dan diberi kuasa oleh Nasabah untuk membebani kembali simpanan-simpanan lainnya milik Nasabah atau menagih kembali kekurangannya tersebut secara seketika sekaligus kepada Nasabah tanpa memerlukan fasilitas kredit tambahan dari pihak ketiga.","Tidak boleh. Nasabah tidak diperkenankan melakukan penarikan dana yang menyebabkan saldo rekening menjadi debet (overdraft/cerukan), kecuali sudah memiliki fasilitas kredit yang disetujui Bank secara tertulis dengan dokumentasi kredit lengkap.",0.75,0.9306845464127887,,
Berapa lama batas waktu bagi nasabah untuk melaporkan penyelesaian penarikan cek atau bilyet giro kosong?,"['30 \nBank akan menginformasikan kepada Nasabah dan/atau \nPerwakilan \nNasabah \nuntuk \nmelengkapinya \ndan \nmemberikan waktu maksimal 20 (dua puluh) hari kerja dan \ntambahan 20 (dua puluh) hari kerja apabila: \na. Dokumen yang diperlukan tidak berada pada domisili \nNasabah; dan/atau \nb. Terdapat hal lain diluar kendali Nasabah. \n6. Bank \nberhak \nmemperpanjang \nwaktu \npenyelesaian \npengaduan tersebut hingga 20 (dua puluh) hari kerja \nberikutnya dengan pemberitahuan secara tertulis kepada \nNasabah dan/atau Perwakilan Nasabah, apabila terdapat \nhal-hal sebagai berikut: \na. Kantor Bank yang menerima pengaduan tidak sama \ndengan Kantor Bank tempat terjadinya permasalahan \nyang diadukan dan terdapat kendala komunikasi \ndiantara kedua Kantor Bank tersebut. \nb. Pengaduan memerlukan penelitian khusus terhadap \ndokumen Bank. \nc. Terjadi Force Majeure sebagaimana dimaksud dalam \nbutir IV.D Syarat dan Ketentuan Umum ini dan/atau \nterjadi sebab-sebab lain diluar kendali Bank dan dalam \nhal \nini \nBank \ntelah \nmelakukan \nlangkah-langkah \nperbaikan yang wajar sesuai kelaziman dalam praktik \nperbankan.  \nBank dapat juga menyelesaikan pengaduan diluar jangka \nwaktu 2 (dua) kali 20 (dua puluh) hari kerja, jika \npenyelesaian pengaduan memerlukan tindak lanjut oleh \npihak lain dan tindak lanjut tersebut mempengaruhi jangka \nwaktu \npenyelesaian \npengaduan. \nBank \nakan \nmemberitahukan secara tertulis kepada Nasabah dan/atau \nPerwakilan Nasabah setiap terjadinya perpanjangan waktu \npenyelesaian pengaduan. \n7. Apabila', '10 \npada Bank. Selain itu permintaan blanko Cek/Bilyet \nGiro dapat dilakukan melalui layanan lainnya yang \ndisediakan oleh Bank, seperti Hello Danamon.   \n6) Nasabah wajib menyediakan dana yang cukup pada \nRekening paling kurang sebesar nilai nominal \nCek/Bilyet Giro yang beredar dan Nasabah tidak \ndiperkenankan melakukan penarikan Cek dan/atau \nBilyet Giro kosong dengan alasan apapun.  \n7) Nasabah wajib melaporkan pemenuhan kewajiban \npenyelesaian penarikan Cek dan/atau Bilyet Giro \nkosong yang pemenuhannya dilakukan dalam \njangka waktu 7 (tujuh) hari kerja setelah tanggal \npenolakan. \n8) Apabila Nasabah memenuhi kriteria Daftar Hitam \nNasional (DHN) Bank Indonesia (BI) mengenai \npenarikan Cek/Bilyet Giro kosong, maka Bank \nberhak membekukan hak penggunaan Cek/Bilyet \nGiro dan melaporkan kepada Bank Indonesia untuk \ndicantumkan \ndalam \nDHN. \nDalam \nhal \nnama \nNasabah telah dicantumkan didalam DHN dan \nNasabah melakukan kembali penarikan satu lembar \natau \nlebih \nCek/Bilyet \nGiro \nkosong \nnominal \nberapapun maka Bank berhak mencantumkan \nkembali nama Nasabah tersebut dalam DHN dan \nmemperpanjang \nmasa \nsanksi \nDHN \nsesuai \nketentuan BI. Sanksi pembekuan hak penggunaan \nCek/Bilyet Giro juga dikenakan kepada Nasabah \nyang identitasnya sudah tercantum dalam DHN \nbank lain. Dalam hal hak penggunaan Cek dan/atau \nBilyet Giro Nasabah dibekukan atau identitas \nNasabah dicantumkan dalam DHN maka Nasabah \nwajib mengembalikan sisa buku/lembaran blanko \nCek dan/atau Bilyet Giro kepada Bank. Ketentuan \ntentang penutupan Rekening mengacu pada butir \nII.E \n(Penghentian \nSementara \natas \nTransaksi, \nPemblokiran dan Penutupan Rekening dan/atau \nLayanan Perbankan) pada Syarat dan Ketentuan \nUmum ini. \n9. Warkat (Cek/Bilyet Giro) yang ditolak oleh Bank yang \nmenerima Instruksi pembayaran atau pemindahbukuan \ndari pemilik Rekening dan tidak diambil oleh Nasabah \nselama 6 (enam) bulan sejak tanggal penolakan atau \njangka waktu yang disepakati, Nasabah setuju dan', 'Perwakilan \nNasabah \nakan \ndiselesaikan \ndan \npemberitahuannya akan disampaikan secara tertulis \nkepada Nasabah paling lama 20 (dua puluh) hari kerja \nsejak dokumen terkait dengan Pengaduan Nasabah \nditerima secara lengkap oleh Bank.  \n5. Dalam hal Nasabah dan/atau Perwakilan Nasabah belum \ndapat memenuhi dokumen yang dipersyaratkan, maka', 'Nasabah \ndapat \nmengajukan pengaduan atas transaksi/layanan perbankan \nkepada Bank (kantor cabang Bank yang terdekat atau \nHello Danamon) secara lisan maupun secara tertulis. \n2. Dalam hal Nasabah dan/atau Perwakilan Nasabah \nmengajukan pengaduan secara lisan, maka Bank akan \nmelakukan verifikasi pada saat pengaduan disampaikan \noleh Nasabah dan/atau Perwakilan Nasabah. \n3. Dalam hal penyelesaian pengaduan secara lisan tidak \ndapat diselesaikan dalam jangka waktu 5 (lima) hari kerja \nsejak pengaduan diterima oleh Bank, maka Bank berhak \nmeminta kepada Nasabah dan/atau Perwakilan Nasabah \nuntuk mengajukan pengaduan secara tertulis dengan \ndisertai dokumen pendukung yang dipersyaratkan oleh \nBank. \n4. Pengaduan tertulis yang diajukan oleh Nasabah  dan/atau \nPerwakilan \nNasabah \nakan', 'yang telah diberikan Nasabah (termasuk identitas dan \nsumber dana dari Beneficial Owner) atau transaksi \nkeuangan Nasabah tidak benar atau diduga berasal \ndari/merupakan hasil tindak pidana pencucian uang. \nf. Nasabah wajib menyerahkan, dari waktu ke waktu, \ndata nama-nama dan contoh tanda tangan dari pihak \nyang berwenang menandatangani segala dokumen \nyang diperlukan untuk mengakses data dan mengelola \nRekening atau memberikan instruksi terkait Rekening \ndan layanan yang dipilih Nasabah (baik untuk \nTransaksi Finansial maupun Transaksi Non Finansial) \nyang pelaksanaan transaksinya dilakukan melalui \nkantor cabang Bank, Hello Danamon, ATM, CDM \ndan/atau layanan lainnya, termasuk surat kuasa dan \ndokumen terkait lainnya sesuai ketentuan  yang berlaku \npada Bank.', 'akan berdampak pada penarikan dana Rekening, maka \nNasabah wajib menyediakan dana yang cukup di \nrekeningnya. Ketidaktersediaan dana dapat menyebabkan \nBank tidak menjalankan instruksi tersebut. \nB. PENYETORAN, PINDAHBUKU/TRANSFER DAN \nPENARIKAN  \n1. Nasabah dapat melakukan penyetoran ke Rekening \nsecara tunai maupun non tunai dengan menggunakan \nwarkat Cek dan/atau Bilyet Giro atau pemindahbukuan. \nSetoran non tunai baru dianggap berlaku efektif apabila \ndananya telah diterima oleh Bank dan sesuai dengan \nketentuan pembukuan yang diatur pada butir II.C \n(Pembukuan) pada Syarat dan Ketentuan Umum ini. \nSetoran melalui counter Bank hanya diakui apabila \ndokumen transaksi telah divalidasi (bukti cetakan data dari \nsistem) atau disahkan oleh petugas Bank sesuai dengan', '26 \nb. Cek Saldo \nNasabah dapat melakukan pengecekan saldo terakhir \ndari Rekening yang terhubung ke Kartu Debit/ATM \nyang dimilikinya.  \nC. LAYANAN REKENING KORAN ELEKTRONIK \n(ELECTRONIC BANKING STATEMENT) \n1. Nasabah memahami dan setuju bahwa dengan pengajuan \nlayanan Rekening Koran Elektronik (khusus Bukti Mutasi \nberupa Statement), maka pengiriman laporan bulanan \ndilakukan untuk rekening-rekening yang terdapat dalam 1 \n(satu) CIF. Demikian pula pengiriman informasi produk \ndan layanan yang disediakan oleh Bank yang semula \ndilakukan melalui pos/kurir. \nNasabah setuju bahwa jika Laporan Rekening bulanan \ngagal dikirimkan ke Nasabah dalam waktu 2 (dua) bulan \n(atau dalam periode tertentu yang ditentukan oleh Bank \ndan akan diinformasikan kepada Nasabah), maka Bank']","Berdasarkan [SUMBER INFORMASI], batas waktu bagi Nasabah untuk melaporkan penyelesaian penarikan Cek atau Bilyet Giro kosong adalah **7 (tujuh) hari kerja** setelah tanggal penolakan.

Jika dalam jangka waktu tersebut, Penyelesaian Pengaduan tidak dapat diselesaikan oleh Bank, maka Bank berhak meminta kepada Nasbah dan/atau Perwakilan Nasahb untuk mengajukan pengaduan secara tertulis dengan disertai dokumen pendukung yang dipersyaratkan oleh Bank jika selama 5 (lima) hari kerja sejak pengajuan belum bisa diselesaikan.",Nasabah wajib melaporkan pemenuhan kewajiban penyelesaian penarikan Cek dan/atau Bilyet Giro kosong dalam jangka waktu 7 hari kerja setelah tanggal penolakan.,,,,
"Kalau ada selisih saldo antara buku tabungan nasabah dengan catatan bank, mana yang dianggap sah?","['administrasi/pembukuan \nterhadap \nRekening \nNasabah \nyang \nmengakibatkan \npengurangan/pendebetan saldo dan pada saat koreksi \ndilakukan ternyata saldo tidak mencukupi, maka Bank \nberhak dan dengan ini diberi kuasa oleh Nasabah untuk \nmendebet/mencairkan simpanan-simpanan lainnya yang \ndimiliki Nasabah yang ada pada Bank dan/atau menagih \nkembali dengan seketika dan sekaligus kekurangannya \ntersebut kepada Nasabah.  \n3. Nasabah wajib menyimpan Bukti Mutasi/bukti kepemilikan \nRekening dengan baik agar tidak hilang dan/atau \ndisalahgunakan oleh pihak yang tidak berhak. Nasabah \nbertanggung jawab atas kehilangan, penyalahgunaan \nBukti Mutasi/bukti kepemilikan Rekening yang telah \ndiserahkan oleh Bank kepada Nasabah atau Perwakilan \nNasabah.', 'Bank. Pencetakan Bukti Mutasi Rekening Pasif/Dormant \nmengacu pada  point II.C.1.a.  \n12. Nasabah dengan ini setuju bahwa Bank berwenang untuk \ntidak menjalankan transaksi atau menunda pelaksanaan \ntransaksi jika transaksi Nasabah terkait dengan adanya \nlarangan/pembatasan/persyaratan yang harus dipenuhi \nterlebih dahulu sebagaimana telah diatur dalam peraturan \nperundang-undangan yang berlaku dan/atau kebijakan \ninternal Bank dan atas hal tersebut akan diberitahukan \noleh Bank kepada Nasabah. \nC. PEMBUKUAN \n1. Pembukuan atas Rekening dilakukan oleh Bank dengan \nketentuan sebagai berikut: \na. Khusus Tabungan dan Giro: \n1) Setiap \ntransaksi, \nbaik \npenyetoran \nmaupun \npenarikan pada Rekening yang mengakibatkan \nperubahan saldo/mutasi, akan dibukukan/dicatat \npada suatu media yang ditetapkan oleh Bank (”Bukti \nMutasi”). Namun mengingat transaksi tertentu dapat \ndilakukan tanpa pencatatan pada Bukti Mutasi yang \ndipegang Nasabah (antara lain: transaksi ATM, \ntransaksi CDM, transaksi EDC, layanan Autodebet), \njika dalam hal terdapat perbedaan saldo/mutasi \nantara yang tercatat pada Bukti Mutasi yang \ndikuasai Nasabah dengan catatan/pembukuan yang \nterdapat pada Bank, maka saldo/mutasi yang \ntercatat pada pembukuan Bank merupakan bukti', '37 \nmemblokir dan/atau mendebet serta menutup dan/atau \nmencairkan Rekening atas nama Nasabah (baik berupa: \nRekening Giro, Tabungan, Deposito) yang terdapat pada \nBank, maupun untuk memblokir dan/atau menutup \nlayanan perbankan yang diterima Nasabah dari Bank, \nuntuk selanjutnya diperhitungkan dengan kewajiban \nNasabah yang terhutang pada Bank. Kuasa sebagaimana \ntersebut akan tetap berlaku sampai seluruh kewajiban \nNasabah kepada Bank diselesaikan. \n2. Mengenai adanya maupun jumlah kewajiban Nasabah \nyang terhutang dan wajib dibayar oleh Nasabah kepada \nBank sebagai dimaksud pada butir IV.B.1 di atas (baik \nkarena: hutang pokok, bunga, denda maupun biaya Bank \nlainnya), terlihat dalam catatan/administrasi yang ada \npada Bank yang merupakan bukti sah dan mengikat', 'bahwa \nBank \ndapat \nmenyerahkan/mengalihkan pekerjaan kepada pihak ketiga \n(termasuk perusahaan grup Bank) untuk menunjang \nkegiatan Bank didalam menyediakan produk/layanan \nuntuk Nasabah, dengan tetap memperhatikan peraturan \nperundang-undangan yang berlaku.  \nB. TANGGUNG JAWAB NASABAH UNTUK MELUNASI \nKEWAJIBAN \n1. Jika Nasabah mempunyai kewajiban kepada Bank, baik \nuntuk kewajiban yang timbul karena transaksi yang belum \ndiselesaikan oleh Nasabah, baik karena cerukan/overdraft \nmaupun kewajiban yang timbul berdasarkan Perjanjian \nKredit/Pengakuan Hutang atau perjanjian lainnya yang \ndibuat antara Nasabah dengan Bank, maka Bank berhak \ndan dengan ini diberi kuasa oleh Nasabah untuk', '6. Nasabah setuju dan dengan ini memberi kuasa kepada \nBank untuk melakukan retur transfer apabila persyaratan \ndokumen atas transaksi pembelian valas terhadap Rupiah \ndan/atau pembatasan transaksi Rupiah belum diterima \nsesuai batas waktu yang telah ditentukan. \n7. Nasabah tidak diperkenankan melakukan penarikan dana \ndari Rekening melampaui jumlah saldo kredit yang \nmengakibatkan saldo Rekening Nasabah menjadi debet \n(overdraft/cerukan), tanpa fasilitas kredit yang telah \ndisetujui Bank secara tertulis dan dokumentasi kredit yang \ndipersyaratkan \ntelah \ndilengkapi \nsebelum \ntransaksi \ndilakukan.', '8\n8. Bank hanya berkewajiban untuk melayani transaksi \npenarikan/pembayaran/pemindahbukuan/transfer \ndari \nRekening \nNasabah \nsesuai \ninstruksi/permintaan \ndari \nNasabah \natau \nPerwakilan \nNasabah \ndan \ndengan \nmemperhatikan ketentuan spesimen tanda tangan yang \ntelah diadministrasikan di Bank dengan ketentuan sebagai \nberikut:  \na. Khusus Tabungan: \n1) Penarikan tunai atau perintah pemindahbukuan \natau \nperintah \ntransfer \ndari \nTabungan \ndapat \ndilakukan Nasabah melalui counter Bank dengan \nmenggunakan dokumen transaksi yang disediakan \noleh Bank dengan tetap memperhatikan ketentuan \nverifikasi Nasabah melalui PINPad EDC dan/atau \nspesimen tanda tangan yang diadministrasikan \npada Bank. Selain itu transaksi dapat juga dilakukan \nmelalui ATM atau layanan lainnya yang disediakan', 'Pasif/Dormant dan saldo telah menjadi nol. \nb. Apabila Nasabah memberikan data yang diragukan \nkebenarannya oleh pihak Bank. \nc. Jika penggunaan Rekening tidak sesuai dengan profil \nNasabah.  \nd. Berdasarkan peraturan perundang-undangan yang \nberlaku Bank menjadi diwajibkan untuk menutup \nRekening Nasabah. \nPenutupan tersebut dilakukan dengan pemberitahuan \nkepada Nasabah melalui sarana yang lazim digunakan \nkecuali \nuntuk \npenutupan \nRekening \nNasabah \nyang \ntermasuk kriteria Rekening Pasif/Dormant dan saldo telah \nmenjadi nol, Nasabah menyetujui dan memberikan kuasa \nkepada Bank untuk melakukan penutupan Rekening \ntersebut secara otomatis oleh sistem Bank. \n9. Apabila Nasabah meninggal dunia atau pailit atau \ndibubarkan atau diletakkan dibawah pengawasan pihak', 'diberikan Nasabah kepada Bank dan/atau terdapat \nsengketa diantara Nasabah; atau \n4) Dana pada Rekening Nasabah tidak mencukupi \ndan/atau Rekening dalam keadaan tidak aktif \n(diblokir, rekening Nasabah masuk dalam kriteria \nRekening Pasif dan lainnya); maupun \n5) Penggunaan Rekening tidak sesuai dengan profil \nNasabah dan terdapat indikasi pelanggaran tindak \npidana \npencucian \nuang \ndan/atau \npendanaan \nterorisme. \nb. Permintaan dari instansi terkait atau Bank lain \nsebagaimana diatur dalam regulasi yang berlaku.  \nc. Diwajibkan oleh peraturan perundang-undangan yang \nberlaku. \nd. Karena sebab-sebab lain yang terjadi diluar kendali \nBank (termasuk namun tidak terbatas pada terjadinya \nforce majeure) atau bertentangan dengan ketentuan \nyang ditetapkan.', '1) Bunga dihitung atas dasar saldo harian dalam 1 \n(satu) \nbulan \n(dengan \nsaldo \nminimal \nuntuk \nmemperoleh bunga sebesar yang ditetapkan oleh \nBank). \n2) Besarnya \nsuku \nbunga \nTabungan/Giro \nsesuai \ntarif/ketentuan yang berlaku pada Bank yang dapat \ndilihat di counter cabang atau media elektronik \nBank.']","Berdasarkan [SUMBER INFORMASI], jika terdapat selisih saldo antara buku tabungan nasabah dengan catatan bank, maka **saldo yang tercatat pada Bank** dianggap sah.

Hal ini didasarkan pada ketentuan bahwa transaksi tertentu dapat dilakukan tanpa pencatatan langsung ke Buku Tabungan Nasabah (seperti transaksi ATM atau layanan EDC), namun dalam hal tersebut, ""saldo/mutasi"" yang tercatat di sistem Bank tetap menjadi bukti sah dan mengikat bagi kedua belah pihak terkait mutasinya dari waktu ke waktu.","Saldo/mutasi yang tercatat pada pembukuan Bank merupakan bukti yang sah dan mengikat nasabah, kecuali nasabah dapat membuktikan sebaliknya.",,,,
Bagaimana cara perhitungan bunga tabungan dan giro?,"['Bank dan jika Advice Deposito hilang cukup \ndiinformasikan kepada Bank. \n4. Nasabah wajib melakukan pemeriksaan atas setiap \npemberitahuan yang disampaikan Bank terkait dengan \npembukuan \nRekening \nNasabah. \nDengan \ntetap \nmemperhatikan ketentuan pada butir II.C.2 di atas, \nNasabah dengan ini setuju bahwa isi pemberitahuan \ntersebut dianggap telah disetujui oleh Nasabah jika dalam \nwaktu 30 (tiga puluh) hari kerja sejak pemberitahuan \ndisampaikan, Bank tidak menerima keberatan secara \ntertulis dari Nasabah.  \nD. BUNGA DAN PENJAMINAN SIMPANAN \n1. Perhitungan  dan  pembukuan  bunga/jasa  simpanan \ndilakukan sebagai berikut: \na. Khusus Tabungan/Giro: \nBunga \ndiperhitungkan \ndan \ndibukukan \ndengan \nketentuan sebagai berikut: \n1) Bunga dihitung atas dasar saldo harian dalam 1 \n(satu) \nbulan \n(dengan \nsaldo \nminimal \nuntuk \nmemperoleh bunga sebesar yang ditetapkan oleh \nBank). \n2) Besarnya \nsuku \nbunga \nTabungan/Giro \nsesuai \ntarif/ketentuan yang berlaku pada Bank yang dapat \ndilihat di counter cabang atau media elektronik \nBank.', 'Hello \nDanamon/IVR \ndan \nkewenangan penggunaannya hanya ada pada Nasabah. \n22. Rekening adalah simpanan-simpanan Nasabah dalam \nbentuk Giro, Tabungan, Deposito dan/atau bentuk lainnya \nyang dipersamakan dengan itu, baik yang telah dibuka \nNasabah \npada \nBank \nmaupun \nyang \nakan \ndibuka \ndikemudian hari. \n23. Rekening Pasif/Dormant (selanjutnya disebut ”Rekening \nPasif”) adalah simpanan Nasabah dalam bentuk Giro atau \nTabungan yang tidak memiliki aktivitas transaksi, selain \nbiaya administrasi dan bunga simpanan, selama 6 (enam) \nbulan berturut-turut atau dalam periode tertentu yang \nditetapkan Bank.', '15 \n3) Hari bunga dihitung berdasarkan jumlah hari \nsesungguhnya dalam 1 (satu) bulan dibagi dengan \njumlah hari sesungguhnya dalam 1 (satu) tahun. \n4) Pajak Penghasilan (PPh) atas bunga Tabungan/ \nGiro ditanggung oleh Nasabah dan tunduk pada \nketentuan peraturan perpajakan yang berlaku. \nb. Khusus Deposito: \n1) Bunga Deposito (baik dalam mata uang Rupiah \nmaupun valas) diperhitungkan berdasarkan: (a) \njumlah hari penempatan dibagi dengan jumlah hari \nsesungguhnya dalam satu tahun; dan (b) tingkat \nsuku bunga yang telah diperjanjikan oleh Bank, \nserta akan dibayarkan sesuai instruksi pada saat \npenempatan \n(setelah \ndikurangi \nPPh \nsesuai \nperaturan perpajakan yang berlaku). \n2) Bank berhak melakukan perubahan atas bunga dan \nperubahan tersebut akan diinformasikan kepada \nNasabah melalui counter cabang atau media \nelektronik Bank atau media lain yang disepakati. \n2. Penjaminan Simpanan: \na. Nasabah mengakui telah mengetahui bahwa terhadap \nsimpanan Nasabah pada Bank berlaku peraturan \nterkait Lembaga Penjamin Simpanan (LPS) dan nilai \nsimpanan yang dijamin untuk setiap nasabah pada 1 \n(satu) Bank adalah sesuai yang ditentukan dalam \nperaturan perundang-undangan yang berlaku. \nb. Nasabah dengan ini mengetahui dan menyatakan \nmenerima \nrisiko \natas \nsimpanannya \nyang \nakan \ndikecualikan dari ketentuan penjaminan jika: \n1) Data simpanan Nasabah tidak tercatat pada Bank. \n2) Termasuk kategori Nasabah yang diuntungkan \nsecara tidak wajar (yaitu pemberian bunga atas \nsimpanan melebihi tingkat bunga yang wajar yang \nditetapkan LPS untuk periode yang bersangkutan), \ntermasuk \nmenerima \nrisiko \natas \nsimpanannya \nsebagai simpanan yang tidak layak dibayar jika ijin \nusaha Bank dicabut. \n3) Menyebabkan kondisi Bank tidak sehat.', 'Bank. Pencetakan Bukti Mutasi Rekening Pasif/Dormant \nmengacu pada  point II.C.1.a.  \n12. Nasabah dengan ini setuju bahwa Bank berwenang untuk \ntidak menjalankan transaksi atau menunda pelaksanaan \ntransaksi jika transaksi Nasabah terkait dengan adanya \nlarangan/pembatasan/persyaratan yang harus dipenuhi \nterlebih dahulu sebagaimana telah diatur dalam peraturan \nperundang-undangan yang berlaku dan/atau kebijakan \ninternal Bank dan atas hal tersebut akan diberitahukan \noleh Bank kepada Nasabah. \nC. PEMBUKUAN \n1. Pembukuan atas Rekening dilakukan oleh Bank dengan \nketentuan sebagai berikut: \na. Khusus Tabungan dan Giro: \n1) Setiap \ntransaksi, \nbaik \npenyetoran \nmaupun \npenarikan pada Rekening yang mengakibatkan \nperubahan saldo/mutasi, akan dibukukan/dicatat', 'Bank maupun dalam rangka kerja sama dengan pihak \nlain) didalam menjalankan transaksi dan menjaga \nkeamanan komunikasi, data Nasabah maupun data \ntransaksi. \n10. Nasabah dengan ini menyatakan tunduk dan terikat pada \nSyarat dan Ketentuan Umum ini, syarat-syarat dan \nketentuan-ketentuan yang berkaitan dengan Rekening \ndan/atau \nlayanan \nperbankan, \nperaturan \nperundang-\nundangan dan kelaziman Bank yang berlaku di negara \nRepublik Indonesia, serta ketentuan lain yang ditetapkan \noleh regulator sehubungan dengan Giro, Tabungan,', 'menutup/membatalkan \npenggunaan \nKartu \nDebit/ATM \ndengan alasan apapun. \n6. Jika Rekening Tabungan/Giro yang digunakan untuk \nlayanan autodebet (misal: angsuran, pembayaran telepon, \nlistrik, dan lain-lain), pengkreditan bunga Deposito, \ndan/atau pencairan Deposito (single maturity) akan \nditutup, maka sebelum Rekening ditutup Nasabah harus \nmengalihkan \nke \nRekening \nlainnya \nuntuk \nlayanan \nautodebet \natau \npengkreditan \nbunga \nDeposito \ndan \npencairan Deposito atau seluruh kewajiban dilunasi (untuk \npinjaman) atau layanan autodebet dihentikan.', 'memperoleh \nKartu \nDebit/ATM \nsedangkan Rekening gabungan/joint account dengan \nstatus “AND” akan diberikan Kartu Debit/ATM yang hanya \ndapat digunakan untuk fungsi balance inquiry atau fungsi-\nfungsi yang ditetapkan oleh Bank dan akan diinformasikan \nkepada Nasabah. \n4. Kartu hanya dapat digunakan oleh Nasabah sendiri dan \ntidak dapat dipindahtangankan/dialihkan dalam bentuk \napapun dan dengan cara apapun juga kepada pihak lain. \nNasabah bertanggung jawab atas segala risiko yang timbul \ndalam hal terjadi pemindahtanganan/pengalihan kartu.']","Bunga untuk Simpanan Tabungan/Giro dihitung berdasarkan saldo harian dalam satu (satu) bulan, dengan ketentuan minimal saldo tersebut harus cukup untuk memperoleh bunga sesuai yang ditetapkan oleh Bank.","Bunga dihitung berdasarkan saldo harian dalam satu bulan (dengan saldo minimal tertentu untuk memperoleh bunga), dan jumlah hari bunga dihitung dari hari sesungguhnya dalam sebulan dibagi hari sesungguhnya dalam setahun. Bunga dikenakan Pajak Penghasilan sesuai peraturan yang berlaku.",,,,
Dalam kondisi apa simpanan nasabah dikecualikan dari penjaminan LPS?,"['perubahan tersebut akan diinformasikan kepada \nNasabah melalui counter cabang atau media \nelektronik Bank atau media lain yang disepakati. \n2. Penjaminan Simpanan: \na. Nasabah mengakui telah mengetahui bahwa terhadap \nsimpanan Nasabah pada Bank berlaku peraturan \nterkait Lembaga Penjamin Simpanan (LPS) dan nilai \nsimpanan yang dijamin untuk setiap nasabah pada 1 \n(satu) Bank adalah sesuai yang ditentukan dalam \nperaturan perundang-undangan yang berlaku. \nb. Nasabah dengan ini mengetahui dan menyatakan \nmenerima \nrisiko \natas \nsimpanannya \nyang \nakan \ndikecualikan dari ketentuan penjaminan jika: \n1) Data simpanan Nasabah tidak tercatat pada Bank. \n2) Termasuk kategori Nasabah yang diuntungkan \nsecara tidak wajar (yaitu pemberian bunga atas \nsimpanan melebihi tingkat bunga yang wajar yang \nditetapkan LPS untuk periode yang bersangkutan), \ntermasuk \nmenerima \nrisiko \natas \nsimpanannya \nsebagai simpanan yang tidak layak dibayar jika ijin \nusaha Bank dicabut. \n3) Menyebabkan kondisi Bank tidak sehat.', 'administrasi/pembukuan \nterhadap \nRekening \nNasabah \nyang \nmengakibatkan \npengurangan/pendebetan saldo dan pada saat koreksi \ndilakukan ternyata saldo tidak mencukupi, maka Bank \nberhak dan dengan ini diberi kuasa oleh Nasabah untuk \nmendebet/mencairkan simpanan-simpanan lainnya yang \ndimiliki Nasabah yang ada pada Bank dan/atau menagih \nkembali dengan seketika dan sekaligus kekurangannya \ntersebut kepada Nasabah.  \n3. Nasabah wajib menyimpan Bukti Mutasi/bukti kepemilikan \nRekening dengan baik agar tidak hilang dan/atau \ndisalahgunakan oleh pihak yang tidak berhak. Nasabah \nbertanggung jawab atas kehilangan, penyalahgunaan \nBukti Mutasi/bukti kepemilikan Rekening yang telah \ndiserahkan oleh Bank kepada Nasabah atau Perwakilan \nNasabah.', 'yang telah diberikan Nasabah (termasuk identitas dan \nsumber dana dari Beneficial Owner) atau transaksi \nkeuangan Nasabah tidak benar atau diduga berasal \ndari/merupakan hasil tindak pidana pencucian uang. \nf. Nasabah wajib menyerahkan, dari waktu ke waktu, \ndata nama-nama dan contoh tanda tangan dari pihak \nyang berwenang menandatangani segala dokumen \nyang diperlukan untuk mengakses data dan mengelola \nRekening atau memberikan instruksi terkait Rekening \ndan layanan yang dipilih Nasabah (baik untuk \nTransaksi Finansial maupun Transaksi Non Finansial) \nyang pelaksanaan transaksinya dilakukan melalui \nkantor cabang Bank, Hello Danamon, ATM, CDM \ndan/atau layanan lainnya, termasuk surat kuasa dan \ndokumen terkait lainnya sesuai ketentuan  yang berlaku \npada Bank.', '32 \nIV. KETENTUAN KHUSUS UNTUK REKENING DAN \nLAYANAN PERBANKAN  \nA. PERNYATAAN DAN KUASA  \n1. Bank memiliki kewenangan penuh untuk menolak atau \nmenerima permohonan pembukaan Rekening dan/atau \nlayanan Bank yang diajukan oleh Nasabah atau calon \nNasabah. Nasabah setuju bahwa atas data yang telah \ndiberikan terkait permohonan pembukaan Rekening \ndan/atau layanan tersebut tidak wajib dikembalikan \nkepada Nasabah. \n2. Nasabah dengan ini menyatakan setuju atas hal-hal \nsebagai berikut:  \na. Keikutsertaan Nasabah pada produk dan/atau layanan \nBank dan/atau transaksi terkait produk/layanan adalah \natas inisiatif Nasabah sendiri dan tidak ada paksaan \ndari pihak manapun. \nb. Bank \nberhak \nmelakukan \npemeriksaan \nterhadap \nkebenaran data yang diberikan Nasabah dalam', '9\n2) Penarikan dana dari Rekening Giro valas dapat \ndilakukan dalam mata uang Rupiah atau valas \n(sesuai dengan ketersediaan bank notes atau \nketentuan produk terkait), dengan menggunakan \ndokumen transaksi sesuai ketentuan yang berlaku \npada Bank dan ketentuan verifikasi Nasabah \nmelalui PINPad EDC dan/atau spesimen tanda \ntangan yang telah diadministrasikan pada Bank. \n3) Dalam hal pengambilan buku Cek dan/atau Bilyet \nGiro yang dikuasakan (termasuk penanda-tanganan \nresi), \nNasabah \ntelah \nmengerti \ndan \nbersedia \nmenanggung \natas \nrisiko \nyang \ntimbul \nakibat \npemberian kuasa  tersebut. \n4) Nasabah bersedia mematuhi ketentuan-ketentuan \nyang \nmengatur \npenandatanganan \nwarkat, \npelunasan bea meterai dan ketentuan lain yang \nmengatur penarikan warkat, termasuk adanya', 'akan berdampak pada penarikan dana Rekening, maka \nNasabah wajib menyediakan dana yang cukup di \nrekeningnya. Ketidaktersediaan dana dapat menyebabkan \nBank tidak menjalankan instruksi tersebut. \nB. PENYETORAN, PINDAHBUKU/TRANSFER DAN \nPENARIKAN  \n1. Nasabah dapat melakukan penyetoran ke Rekening \nsecara tunai maupun non tunai dengan menggunakan \nwarkat Cek dan/atau Bilyet Giro atau pemindahbukuan. \nSetoran non tunai baru dianggap berlaku efektif apabila \ndananya telah diterima oleh Bank dan sesuai dengan \nketentuan pembukuan yang diatur pada butir II.C \n(Pembukuan) pada Syarat dan Ketentuan Umum ini. \nSetoran melalui counter Bank hanya diakui apabila \ndokumen transaksi telah divalidasi (bukti cetakan data dari \nsistem) atau disahkan oleh petugas Bank sesuai dengan', 'Bank dan jika Advice Deposito hilang cukup \ndiinformasikan kepada Bank. \n4. Nasabah wajib melakukan pemeriksaan atas setiap \npemberitahuan yang disampaikan Bank terkait dengan \npembukuan \nRekening \nNasabah. \nDengan \ntetap \nmemperhatikan ketentuan pada butir II.C.2 di atas, \nNasabah dengan ini setuju bahwa isi pemberitahuan \ntersebut dianggap telah disetujui oleh Nasabah jika dalam \nwaktu 30 (tiga puluh) hari kerja sejak pemberitahuan \ndisampaikan, Bank tidak menerima keberatan secara \ntertulis dari Nasabah.  \nD. BUNGA DAN PENJAMINAN SIMPANAN \n1. Perhitungan  dan  pembukuan  bunga/jasa  simpanan \ndilakukan sebagai berikut: \na. Khusus Tabungan/Giro: \nBunga \ndiperhitungkan \ndan \ndibukukan \ndengan \nketentuan sebagai berikut: \n1) Bunga dihitung atas dasar saldo harian dalam 1 \n(satu) \nbulan', '1\nDAFTAR ISI \nDAFTAR ISI ............................................................................ 0 \nI.   DEFINISI ............................................................................ 2 \nII.  SYARAT DAN KETENTUAN UMUM REKENING ............ 5 \nA. Ketentuan Umum ......................................................... 5 \nB. Penyetoran, Pindahbuku/Transfer dan Penarikan ........ 6 \nC. Pembukuan ................................................................ 11 \nD. Bunga dan Penjaminan Simpanan ............................. 14 \nE. Penghentian Sementara atas Transaksi Pemblokiran \ndan Penutupan Rekening dan/atau Layanan \nPerbankan .................................................................. 16 \nF. Khusus Rekening Gabungan ..................................... 21', '24 \n9. Setiap \ntransaksi \nyang \nmenggunakan \nkartu \nyang \nmengakibatkan perubahan pada saldo Rekening akan \ndibukukan/dicatat pada Bukti Mutasi Nasabah. \n10. Nasabah wajib menyimpan kartu dengan baik dan \nmerahasiakan PIN. Apabila kartu digunakan oleh pihak lain \nyang \ntidak \nberhak \n(antara \nlain: \nkarena \nkartu \ndicuri/hilang/dipalsukan ataupun karena alasan apapun \njuga), maka Nasabah wajib segera memberitahukan \nmelalui telepon atau faksimili kepada Bank (kantor cabang \nBank yang terdekat atau Hello Danamon) untuk dilakukan \nproses pemblokiran oleh Bank. Nasabah bertanggung \njawab \natas \nkerugian \nyang \ntimbul \nakibat \nkelalaian/keterlambatan melaporkan kepada Bank, kecuali \ndapat dibuktikan sebaliknya. \n11. Nasabah wajib mengamankan kode OTP yang dikirimkan']","Berdasarkan [SUMBER INFORMASI], simpanan nasabah dikecualikan dari penjaminan LPS jika terjadi salah satu kondisi berikut:

1.  Data simpanan Nasabah tidak tercatat pada Bank, atau
2.  Simpena tersebut termasuk kategori **Nasabah yang diuntungkan secara tidak wajar** (yaitu pemberian bunga atas simpanan melebihi tingkat bunga yang wajar ditetapkan oleh Lembaga Penjamin Simpanan/LPS untuk periode bersangkutan), dan/atau menerima risiko atas simpanannya sebagai simpanan yang tidak layak dibayar karena izin usaha Bank dicabut.","Simpanan dikecualikan dari penjaminan LPS jika: datanya tidak tercatat di Bank, nasabah termasuk kategori yang diuntungkan secara tidak wajar (bunga simpanan melebihi tingkat wajar yang ditetapkan LPS), atau menyebabkan kondisi Bank menjadi tidak sehat.",,,,
Kapan Bank berhak memblokir atau menutup rekening nasabah secara sepihak?,"['cabang Bank dan/atau melalui media komunikasi lainnya \nsesuai data yang terakhir terdata pada Bank. \n6. Dalam hal terdapat perubahan manfaat, risiko, biaya, \nsyarat dan ketentuan umum ini, maka Nasabah berhak \nmengajukan keberatannya secara tertulis kepada Bank \ndalam waktu 30 (tiga puluh) hari kerja terhitung sejak \npemberitahuan perubahan tersebut oleh Bank melalui \nmedia komunikasi Bank. Nasabah setuju bahwa Bank \nakan \nmenganggap \nNasabah \nmenyetujui \nperubahan \ntersebut dalam hal Nasabah tidak mengajukan keberatan \ntersebut diatas. \nApabila Nasabah tidak menyetujui perubahan tersebut, \nNasabah berhak menutup Rekening dan/atau Layanan \ndengan terlebih dahulu menyelesaikan seluruh kewajiban \nNasabah yang masih terhutang kepada Bank.', 'Pasif/Dormant dan saldo telah menjadi nol. \nb. Apabila Nasabah memberikan data yang diragukan \nkebenarannya oleh pihak Bank. \nc. Jika penggunaan Rekening tidak sesuai dengan profil \nNasabah.  \nd. Berdasarkan peraturan perundang-undangan yang \nberlaku Bank menjadi diwajibkan untuk menutup \nRekening Nasabah. \nPenutupan tersebut dilakukan dengan pemberitahuan \nkepada Nasabah melalui sarana yang lazim digunakan \nkecuali \nuntuk \npenutupan \nRekening \nNasabah \nyang \ntermasuk kriteria Rekening Pasif/Dormant dan saldo telah \nmenjadi nol, Nasabah menyetujui dan memberikan kuasa \nkepada Bank untuk melakukan penutupan Rekening \ntersebut secara otomatis oleh sistem Bank. \n9. Apabila Nasabah meninggal dunia atau pailit atau \ndibubarkan atau diletakkan dibawah pengawasan pihak \nyang ditunjuk oleh instansi yang berwenang, maka Bank \nberhak memblokir Rekening dan hanya akan mengalihkan \nhak atas Rekening kepada ahli waris atau pengganti \nhaknya yang sah atau pihak yang ditunjuk sesuai \nperaturan perundang-undangan yang berlaku dan dengan \nmemenuhi persyaratan yang ditentukan oleh Bank. \n10. Nasabah dengan ini setuju membebaskan Bank dari \nsemua tanggung jawab dan klaim yang timbul terkait  \npenyerahan kepada ahli waris atau pengganti haknya atau', 'diberikan Nasabah (termasuk identitas dan sumber \ndana dari Beneficial Owner), maka Bank berhak dan \nberwenang \npenuh untuk menolak \nmelaksanakan \ntransaksi yang diinstruksikan Nasabah atau melakukan \nreversal atas transaksi yang telah dijalankan dan/atau  \nmenutup Rekening dan/atau layanan Bank yang \ndimiliki/dipilih Nasabah dengan pemberitahuan. \nd. Nasabah wajib untuk segera memberitahukan secara \ntertulis kepada Bank dengan dilengkapi dokumen \npendukung yang diperlukan atas setiap perubahan', '37 \nmemblokir dan/atau mendebet serta menutup dan/atau \nmencairkan Rekening atas nama Nasabah (baik berupa: \nRekening Giro, Tabungan, Deposito) yang terdapat pada \nBank, maupun untuk memblokir dan/atau menutup \nlayanan perbankan yang diterima Nasabah dari Bank, \nuntuk selanjutnya diperhitungkan dengan kewajiban \nNasabah yang terhutang pada Bank. Kuasa sebagaimana \ntersebut akan tetap berlaku sampai seluruh kewajiban \nNasabah kepada Bank diselesaikan. \n2. Mengenai adanya maupun jumlah kewajiban Nasabah \nyang terhutang dan wajib dibayar oleh Nasabah kepada \nBank sebagai dimaksud pada butir IV.B.1 di atas (baik \nkarena: hutang pokok, bunga, denda maupun biaya Bank \nlainnya), terlihat dalam catatan/administrasi yang ada \npada Bank yang merupakan bukti sah dan mengikat', '16 \nE. PENGHENTIAN SEMENTARA ATAS TRANSAKSI \nPEMBLOKIRAN DAN PENUTUPAN REKENING DAN/ \nATAU LAYANAN PERBANKAN \n1. Nasabah dengan ini mengetahui dan menyetujui bahwa \nBank berhak dan berwenang untuk menolak menjalankan \ninstruksi Nasabah dan/atau menghentikan sementara \ntransaksi \nNasabah \ndan/atau \nmemblokir \nsementara \nRekening dan/atau layanan yang diperoleh Nasabah dari \nBank, yang disebabkan oleh sebab-sebab tertentu, \ntermasuk namun tidak terbatas pada: \na. Pertimbangan Bank, antara lain: \n1) Adanya keragu-raguan dalam melakukan verifikasi \nterhadap identitas/instruksi Nasabah; atau \n2) Bank tidak dapat melakukan verifikasi terhadap \nidentitas Nasabah; atau \n3) Terdapat pertentangan diantara instruksi yang \ndiberikan Nasabah kepada Bank dan/atau terdapat', '18 \n7. Jika Nasabah menutup Rekening atas permintaan sendiri \natau karena suatu hal tertentu ditutup oleh Bank, maka \nseluruh transaksi dan kewajiban Nasabah yang belum \ndiselesaikan harus dipenuhi dengan tetap mengacu pada \nketentuan Bank, yaitu: \na. Khusus Tabungan: \n1) Jika Nasabah tidak mempunyai fasilitas Kartu \nDebit/ATM, Nasabah wajib membawa Bukti Mutasi \nyang disyaratkan. \n2) Jika Nasabah mempunyai fasilitas Kartu Debit/ATM \ndan hanya mengakses ke Rekening yang ditutup \ntersebut, maka Nasabah wajib membawa Bukti \nMutasi \nyang \ndipersyaratkan \noleh \nBank \ndan \nmengembalikan Kartu Debit/ATM. \nb. Khusus Giro: \n1) Nasabah wajib mengembalikan sisa buku/lembaran \nblanko Cek dan/atau Bilyet Giro yang tidak/belum \ndigunakan atau sarana penarikan/pemindahbukuan \nlainnya kepada Bank.', 'administrasi/pembukuan \nterhadap \nRekening \nNasabah \nyang \nmengakibatkan \npengurangan/pendebetan saldo dan pada saat koreksi \ndilakukan ternyata saldo tidak mencukupi, maka Bank \nberhak dan dengan ini diberi kuasa oleh Nasabah untuk \nmendebet/mencairkan simpanan-simpanan lainnya yang \ndimiliki Nasabah yang ada pada Bank dan/atau menagih \nkembali dengan seketika dan sekaligus kekurangannya \ntersebut kepada Nasabah.  \n3. Nasabah wajib menyimpan Bukti Mutasi/bukti kepemilikan \nRekening dengan baik agar tidak hilang dan/atau \ndisalahgunakan oleh pihak yang tidak berhak. Nasabah \nbertanggung jawab atas kehilangan, penyalahgunaan \nBukti Mutasi/bukti kepemilikan Rekening yang telah \ndiserahkan oleh Bank kepada Nasabah atau Perwakilan \nNasabah.', '32 \nIV. KETENTUAN KHUSUS UNTUK REKENING DAN \nLAYANAN PERBANKAN  \nA. PERNYATAAN DAN KUASA  \n1. Bank memiliki kewenangan penuh untuk menolak atau \nmenerima permohonan pembukaan Rekening dan/atau \nlayanan Bank yang diajukan oleh Nasabah atau calon \nNasabah. Nasabah setuju bahwa atas data yang telah \ndiberikan terkait permohonan pembukaan Rekening \ndan/atau layanan tersebut tidak wajib dikembalikan \nkepada Nasabah. \n2. Nasabah dengan ini menyatakan setuju atas hal-hal \nsebagai berikut:  \na. Keikutsertaan Nasabah pada produk dan/atau layanan \nBank dan/atau transaksi terkait produk/layanan adalah \natas inisiatif Nasabah sendiri dan tidak ada paksaan \ndari pihak manapun. \nb. Bank \nberhak \nmelakukan \npemeriksaan \nterhadap \nkebenaran data yang diberikan Nasabah dalam', '35 \n8. Nasabah dengan ini menjamin dan membebaskan Bank \ndari segala kewajiban/klaim/tuntutan/gugatan ganti rugi \napapun dari siapapun (termasuk dari Nasabah sendiri), \nsehubungan dengan: \na. Dilakukannya \npembatalan/pengakhiran/penutupan \nKartu \nDebit/ATM \ndalam \nhal \nterjadinya \nkondisi \nsebagaimana dimaksud dalam butir III.A.13. \nb. Pelaksanaan semua instruksi dan transaksi yang \ndilakukan baik melalui media elektronik atau media \nlainnya yang disetujui oleh Bank. \nc. Adanya kelalaian, sengaja melakukan kelalaian, fraud \nyang dilakukan oleh Nasabah atau pihak lain yang \ndiinstruksikan oleh Nasabah.  \nd. Terjadinya kondisi-kondisi sebagaimana dimaksud \ndalam butir IV.A.6 dan 7.  \n9. Untuk layanan Bank yang terkait dengan informasi dan \ntransaksi elektronik, Nasabah dengan ini menyatakan']","Bank berhak memblokir atau menutup rekening nasabah secara sepihak dalam kondisi berikut:

1.  **Data yang diragukan:** Jika ada keragu-raguan terhadap kebenaran data yang diberikan oleh Nasabah (misalnya, verifikasi identitas).
2.  **Instruksi tidak sesuai profil:** Ketika penggunaan Rekening tidak sesuai dengan profil asli dari Nasabah.
3.  **Kondisi tertentu lainnya** sebagaimana diatur Bank berdasarkan kebijakan internalnya terkait instruksi transaksi elektronik dan lain-lain.","Bank berhak memblokir/menutup rekening jika ada dugaan penipuan atau kejahatan perbankan terkait rekening, nasabah memberikan data yang tidak benar/diragukan, atau ada permintaan resmi dari Kepolisian, Kejaksaan, Pengadilan, PPATK, KPK, atau kantor pajak sesuai peraturan yang berlaku.",,,,
Apa perbedaan rekening gabungan status OR dan AND?,"['21 \npihak yang ditunjuk instansi yang berwenang tersebut \npada butir 9 di atas. \nF. KHUSUS REKENING GABUNGAN \n1. Rekening gabungan dibuka sesuai dengan kebijakan atau \nketentuan yang berlaku di Bank dan untuk pemberian \ninstruksi kepada Bank serta penarikan dana dari Rekening \ngabungan (joint account) berlaku ketentuan sebagai \nberikut: \na. Status Rekening gabungan ”ATAU” (joint account \n“OR”): \npemberian \ninstruksi \nkepada \nBank \natau \npenarikan dari Rekening dapat dilakukan oleh salah \nsatu pembentuk Rekening gabungan sesuai ketentuan \nspesimen yang terdata pada Bank. \nb. Status Rekening gabungan “DAN” (joint account \n“AND”): seluruh instruksi atas Rekening atau penarikan \ndari Rekening harus dilakukan secara bersama-sama \noleh semua pembentuk Rekening gabungan sesuai \nketentuan spesimen yang terdata pada Bank. \n2. Sebagai konsekuensi hukum yang timbul sehubungan \ndengan penarikan Cek/Bilyet Giro oleh salah satu atau \nlebih Nasabah pembentuk Rekening gabungan wajib \nditanggung \nsecara \ntanggung \nrenteng \noleh \nseluruh \nNasabah pembentuk Rekening gabungan tanpa kecuali. \nG. PRODUK PIHAK KETIGA \n1. Dalam hal Nasabah memilih produk pihak ketiga dimana \nBank hanya bertindak sebagai pihak yang memasarkan \nproduk/layanan pihak ketiga tersebut, Nasabah dengan ini \nsetuju bahwa:  \na. Bank tidak memberikan jaminan/menanggung investasi \nyang dilakukan Nasabah, baik pokok maupun hasil \npengembangannya \n(jika \nproduk/layanan \ntersebut \nmemberikan perlindungan atau jaminan atas nilai \npokok dan hasil pengembangannya);', 'PERBANKAN   \nA. PENGGUNAAN KARTU (antara lain: Kartu Debit/ATM, \nKartu Debit Danamon Privilege) \n1. Kartu Debit/ATM diberikan khusus untuk: (a) Rekening \natas nama Nasabah perorangan, (b) Rekening atas nama \ngabungan/joint account perorangan dengan status “OR” \natau status “AND”. \n2. Khusus untuk Kartu Debit Danamon Privilege, ketentuan \nstatus “OR” dan “AND” mengikuti peraturan Danamon \nPrivilege yang berlaku dan dapat dilihat pada saat \nNasabah menerima Kartu Debit Danamon Privilege. \n3. Khusus untuk Rekening gabungan/joint account dengan \nstatus \n“OR”, \nmasing-masing \nNasabah \npembentuk \nRekening gabungan/joint account berhak mengajukan \npermohonan \nuntuk \nmemperoleh \nKartu \nDebit/ATM \nsedangkan Rekening gabungan/joint account dengan \nstatus “AND” akan diberikan Kartu Debit/ATM yang hanya \ndapat digunakan untuk fungsi balance inquiry atau fungsi-\nfungsi yang ditetapkan oleh Bank dan akan diinformasikan \nkepada Nasabah. \n4. Kartu hanya dapat digunakan oleh Nasabah sendiri dan \ntidak dapat dipindahtangankan/dialihkan dalam bentuk \napapun dan dengan cara apapun juga kepada pihak lain. \nNasabah bertanggung jawab atas segala risiko yang timbul \ndalam hal terjadi pemindahtanganan/pengalihan kartu.', 'dikirimkan dalam bentuk attachment email (PDF) dan  \ndapat dibuka dengan menggunakan password sesuai \ndengan ketentuan yang berlaku pada Bank. \n3. Apabila Rekening Nasabah adalah Rekening dormant, \nmaka Nasabah harus melakukan pengaktifan Rekening \nterlebih dahulu sebelum melakukan proses registrasi \nlayanan Rekening Koran Elektronik. Untuk Rekening joint \naccount (berstatus “AND” dan “OR”) maka Nasabah yang \nberhak untuk melakukan proses registrasi, pembatalan \ndan update data layanan Rekening Koran Elektronik', 'Nasabah. \n7. Transaksi dengan menggunakan kartu dapat dilakukan \nsepanjang Rekening Nasabah yang telah terkoneksi \ndengan kartu dalam keadaan aktif dan saldo mencukupi \ndan hanya dapat diakses ke rekening-rekening dalam \nvaluta Rupiah dan/atau valuta tertentu yang dimiliki oleh \nNasabah dan telah disetujui oleh Bank. \n8. Batasan nominal untuk transaksi dengan menggunakan \nkartu dan besarnya biaya ditentukan oleh Bank dan \nsewaktu-waktu dapat berubah dengan pemberitahuan di \nkantor-kantor cabang Bank atau di lokasi-lokasi tempat \nATM/CDM berada atau melalui media lainnya yang \ntersedia pada Bank.', 'diberikan Nasabah kepada Bank dan/atau terdapat \nsengketa diantara Nasabah; atau \n4) Dana pada Rekening Nasabah tidak mencukupi \ndan/atau Rekening dalam keadaan tidak aktif \n(diblokir, rekening Nasabah masuk dalam kriteria \nRekening Pasif dan lainnya); maupun \n5) Penggunaan Rekening tidak sesuai dengan profil \nNasabah dan terdapat indikasi pelanggaran tindak \npidana \npencucian \nuang \ndan/atau \npendanaan \nterorisme. \nb. Permintaan dari instansi terkait atau Bank lain \nsebagaimana diatur dalam regulasi yang berlaku.  \nc. Diwajibkan oleh peraturan perundang-undangan yang \nberlaku. \nd. Karena sebab-sebab lain yang terjadi diluar kendali \nBank (termasuk namun tidak terbatas pada terjadinya \nforce majeure) atau bertentangan dengan ketentuan \nyang ditetapkan.', '34 \npemanfaatan produk dan/atau layanan Bank, termasuk \nmanfaat, risiko dan biaya yang timbul terkait dengan \nproduk dan/atau layanan Bank tersebut. \n3. Nasabah dengan ini menyatakan bahwa pemberian \ninformasi dan/atau data terkait pemilik Rekening dan/atau \nRekening serta layanan perbankan Nasabah (termasuk \nBeneficial Owner dan/atau Ultimate Beneficial Owner) \nkepada  aparat penegak hukum atau instansi lain yang \nberwenang akan dilakukan sesuai peraturan perundang-\nundangan yang berlaku. \n4. Nasabah dengan ini memberikan persetujuan kepada \nBank untuk memberikan data pribadi Nasabah dalam hal \ndiwajibkan untuk diberikan kepada instansi Kepolisian, \nKejaksaan, Pengadilan, PPATK, KPK, Kantor Pajak atau \ninstansi lain yang berwenang sesuai dengan peraturan', 'dan transaksi-transaksi lain yang disetujui oleh Bank. \n27. Ultimate Beneficial Owner (UBO) adalah setiap orang \nperseorangan yang termasuk sebagai pihak pengendali \nterakhir baik secara langsung maupun tidak langsung \nmelalui badan hukum atau berdasarkan suatu perjanjian \nmemiliki saham perusahaan dan/atau keseluruhan struktur \nkelompok usaha yang mengendalikan perusahaan. \nII. SYARAT DAN KETENTUAN UMUM REKENING \nA. KETENTUAN UMUM \n1. Pembukaan Rekening yang dilakukan Nasabah pada \nBank, sepanjang tidak diatur secara khusus oleh Bank dan \nNasabah dalam Aplikasi Pembukaan Rekening untuk \nRekening \nyang \nbersangkutan, \nberlaku \nSyarat \ndan \nKetentuan Umum ini. \n2. Dengan tetap memperhatikan ketentuan pada butir 1 di \natas, apabila Nasabah memiliki beberapa Rekening pada \nsatu atau beberapa kantor cabang Bank, maka rekening-\nrekening tersebut disepakati kedua belah pihak sebagai \nsatu kesatuan, karenanya Syarat dan Ketentuan Umum ini \nmengikat terhadap seluruh Rekening Nasabah. \n3. Dalam hal Rekening akan dipindahtangankan/dialihkan/ \ndijaminkan kepada pihak ketiga/pihak lain, harus dengan \npersetujuan tertulis dari Bank.  \n4. Instruksi Nasabah kepada Bank dapat dilakukan melalui \nkantor cabang Bank, Hello Danamon, ATM, CDM dan/']","Berdasarkan informasi yang tersedia, berikut adalah perbedaan utama antara Rekening Gabungan dengan status **OR** dan **AND**:

1.  **Status OR (Rekening atas nama Nasabah perorangan):**
    *   Setiap pembentuk rekening memiliki hak penuh untuk mengajukan permohonan sendiri guna mendapatkan kartu Debit/ATM sesuai regulasi Bank Danamon Privilege.
2.  Status ""REKENING GABUNGAN"" atau **""DAN""**: Semua Pembentuk harus bekerja sama secara bersama-sama melalui prosedur khusus yang diatur oleh Bank untuk menggunakan layanan Kartu Debit/ATM tersebut.","Pada rekening gabungan status OR, instruksi atau penarikan dana dapat dilakukan oleh salah satu pembentuk rekening. Pada status AND, seluruh instruksi atau penarikan harus dilakukan bersama-sama oleh semua pembentuk rekening.",,,,
Apa yang harus dilakukan nasabah jika kartu debitnya hilang atau dicuri?,"['24 \n9. Setiap \ntransaksi \nyang \nmenggunakan \nkartu \nyang \nmengakibatkan perubahan pada saldo Rekening akan \ndibukukan/dicatat pada Bukti Mutasi Nasabah. \n10. Nasabah wajib menyimpan kartu dengan baik dan \nmerahasiakan PIN. Apabila kartu digunakan oleh pihak lain \nyang \ntidak \nberhak \n(antara \nlain: \nkarena \nkartu \ndicuri/hilang/dipalsukan ataupun karena alasan apapun \njuga), maka Nasabah wajib segera memberitahukan \nmelalui telepon atau faksimili kepada Bank (kantor cabang \nBank yang terdekat atau Hello Danamon) untuk dilakukan \nproses pemblokiran oleh Bank. Nasabah bertanggung \njawab \natas \nkerugian \nyang \ntimbul \nakibat \nkelalaian/keterlambatan melaporkan kepada Bank, kecuali \ndapat dibuktikan sebaliknya. \n11. Nasabah wajib mengamankan kode OTP yang dikirimkan', '18 \n7. Jika Nasabah menutup Rekening atas permintaan sendiri \natau karena suatu hal tertentu ditutup oleh Bank, maka \nseluruh transaksi dan kewajiban Nasabah yang belum \ndiselesaikan harus dipenuhi dengan tetap mengacu pada \nketentuan Bank, yaitu: \na. Khusus Tabungan: \n1) Jika Nasabah tidak mempunyai fasilitas Kartu \nDebit/ATM, Nasabah wajib membawa Bukti Mutasi \nyang disyaratkan. \n2) Jika Nasabah mempunyai fasilitas Kartu Debit/ATM \ndan hanya mengakses ke Rekening yang ditutup \ntersebut, maka Nasabah wajib membawa Bukti \nMutasi \nyang \ndipersyaratkan \noleh \nBank \ndan \nmengembalikan Kartu Debit/ATM. \nb. Khusus Giro: \n1) Nasabah wajib mengembalikan sisa buku/lembaran \nblanko Cek dan/atau Bilyet Giro yang tidak/belum \ndigunakan atau sarana penarikan/pemindahbukuan \nlainnya kepada Bank.', '23 \n5. Nasabah wajib membubuhkan tanda tangan di balik kartu \ndebit pada kolom yang tersedia. Segala risiko penolakan \natau \npenyalahgunaan \nyang \ntimbul \nakibat \ntidak \nditandatanganinya kartu debit menjadi tanggung jawab \nNasabah, kecuali dapat dibuktikan sebaliknya. \n6. Penggunaan kartu disesuaikan dengan jenis produk dan \nkebijakan Bank yang tercantum pada brosur atau media \nlainnya yang diterbitkan/disediakan oleh Bank antara lain: \na. Melakukan Transaksi Finansial maupun Non Finansial \nmelalui counter Bank/EDC/ATM/CDM atau tempat-\ntempat lainnya yang ditentukan oleh Bank dengan \nproses otorisasi berdasarkan PIN ATM dan/atau tanda \ntangan.  \nb. Untuk transaksi pendebetan yang dilakukan melalui \ncounter Bank, dapat didebet dari seluruh Rekening \ndalam 1 (satu) CIF. Sedangkan pendebetan melalui \nATM dan mesin EDC akan didebet dari Rekening yang \ntelah terdaftar pada kartu. \nc. Untuk transaksi yang dilakukan melalui jaringan ATM \nlain yang memiliki kerjasama dengan Bank atau \ntempat-tempat lainnya yang ditentukan oleh Bank \nhanya dapat dilakukan melalui rekening utama/primary \naccount. \nd. Melakukan transaksi debet yaitu pembayaran atas \ntransaksi di merchant/penggunaan jasa merchant \nmelalui EDC atau secara online yang otorisasinya \ndilakukan berdasarkan PIN ATM atau OTP. \ne. Melakukan transaksi-transaksi lainnya yang telah \ndisetujui oleh Bank dan akan diinformasikan kepada \nNasabah. \n7. Transaksi dengan menggunakan kartu dapat dilakukan \nsepanjang Rekening Nasabah yang telah terkoneksi \ndengan kartu dalam keadaan aktif dan saldo mencukupi \ndan hanya dapat diakses ke rekening-rekening dalam \nvaluta Rupiah dan/atau valuta tertentu yang dimiliki oleh \nNasabah dan telah disetujui oleh Bank. \n8. Batasan nominal untuk transaksi dengan menggunakan \nkartu dan besarnya biaya ditentukan oleh Bank dan \nsewaktu-waktu dapat berubah dengan pemberitahuan di \nkantor-kantor cabang Bank atau di lokasi-lokasi tempat \nATM/CDM berada atau melalui media lainnya yang \ntersedia pada Bank.', 'memperoleh \nKartu \nDebit/ATM \nsedangkan Rekening gabungan/joint account dengan \nstatus “AND” akan diberikan Kartu Debit/ATM yang hanya \ndapat digunakan untuk fungsi balance inquiry atau fungsi-\nfungsi yang ditetapkan oleh Bank dan akan diinformasikan \nkepada Nasabah. \n4. Kartu hanya dapat digunakan oleh Nasabah sendiri dan \ntidak dapat dipindahtangankan/dialihkan dalam bentuk \napapun dan dengan cara apapun juga kepada pihak lain. \nNasabah bertanggung jawab atas segala risiko yang timbul \ndalam hal terjadi pemindahtanganan/pengalihan kartu.', 'administrasi/pembukuan \nterhadap \nRekening \nNasabah \nyang \nmengakibatkan \npengurangan/pendebetan saldo dan pada saat koreksi \ndilakukan ternyata saldo tidak mencukupi, maka Bank \nberhak dan dengan ini diberi kuasa oleh Nasabah untuk \nmendebet/mencairkan simpanan-simpanan lainnya yang \ndimiliki Nasabah yang ada pada Bank dan/atau menagih \nkembali dengan seketika dan sekaligus kekurangannya \ntersebut kepada Nasabah.  \n3. Nasabah wajib menyimpan Bukti Mutasi/bukti kepemilikan \nRekening dengan baik agar tidak hilang dan/atau \ndisalahgunakan oleh pihak yang tidak berhak. Nasabah \nbertanggung jawab atas kehilangan, penyalahgunaan \nBukti Mutasi/bukti kepemilikan Rekening yang telah \ndiserahkan oleh Bank kepada Nasabah atau Perwakilan \nNasabah.', 'dan mengetahui terdapat usaha-usaha dari pihak lain \nuntuk meminta informasi kartu dan/atau kode OTP melalui \nmedia apapun maka Nasabah dapat segera menghubungi \nBank melalui kantor cabang terdekat, Hello Danamon, \ndan/atau media lain yang dikelola secara resmi oleh Bank. \n12. Nasabah dapat mengajukan permohonan penggantian \nkartu dan biaya administrasi yang timbul atas penggantian \nkartu menjadi beban Nasabah.   \n13. Bank berhak menarik/membatalkan/menutup kartu sesuai \nketentuan yang berlaku pada Bank dengan pemberitahuan \nke Nasabah dalam hal terjadi salah satu sebab di bawah \nini: \na. Nasabah lalai/tidak mentaati Syarat dan Ketentuan \nUmum ini; \nb. Nasabah meninggal dunia;', '26 \nb. Cek Saldo \nNasabah dapat melakukan pengecekan saldo terakhir \ndari Rekening yang terhubung ke Kartu Debit/ATM \nyang dimilikinya.  \nC. LAYANAN REKENING KORAN ELEKTRONIK \n(ELECTRONIC BANKING STATEMENT) \n1. Nasabah memahami dan setuju bahwa dengan pengajuan \nlayanan Rekening Koran Elektronik (khusus Bukti Mutasi \nberupa Statement), maka pengiriman laporan bulanan \ndilakukan untuk rekening-rekening yang terdapat dalam 1 \n(satu) CIF. Demikian pula pengiriman informasi produk \ndan layanan yang disediakan oleh Bank yang semula \ndilakukan melalui pos/kurir. \nNasabah setuju bahwa jika Laporan Rekening bulanan \ngagal dikirimkan ke Nasabah dalam waktu 2 (dua) bulan \n(atau dalam periode tertentu yang ditentukan oleh Bank \ndan akan diinformasikan kepada Nasabah), maka Bank', 'menutup/membatalkan \npenggunaan \nKartu \nDebit/ATM \ndengan alasan apapun. \n6. Jika Rekening Tabungan/Giro yang digunakan untuk \nlayanan autodebet (misal: angsuran, pembayaran telepon, \nlistrik, dan lain-lain), pengkreditan bunga Deposito, \ndan/atau pencairan Deposito (single maturity) akan \nditutup, maka sebelum Rekening ditutup Nasabah harus \nmengalihkan \nke \nRekening \nlainnya \nuntuk \nlayanan \nautodebet \natau \npengkreditan \nbunga \nDeposito \ndan \npencairan Deposito atau seluruh kewajiban dilunasi (untuk \npinjaman) atau layanan autodebet dihentikan.']","Jika kartu debit Anda hilang atau dicuri, nasabah wajib segera menghubungi Bank melalui kantor cabang terdekat (Hello Danamon) untuk melakukan proses pemblokiran.

Nasabah juga bertanggung jawab atas segala risiko yang timbul akibat kehilangan atau penyalahgunaan Kartu Debit/ATM tersebut dan harus melaporkan kebank dengan bukti kejadian jika terjadi kerugian saldo Rekening karena keterlambatan pelaporan oleh Nasabah kepada bank.","Nasabah wajib segera memberitahukan melalui telepon atau faksimili kepada Bank (kantor cabang terdekat atau Hello Danamon) agar kartu segera diblokir. Nasabah bertanggung jawab atas kerugian akibat keterlambatan melapor, kecuali dapat dibuktikan sebaliknya.",,,,
Berapa maksimal setoran tunai yang bisa dilakukan lewat mesin CDM?,"['25 \nc. Kartu telah kadaluarsa; atau \nd. Sebab lainnya sesuai ketentuan perundang-undangan \nyang berlaku pada Bank. \nB. LAYANAN ANJUNGAN TUNAI MANDIRI (ATM) DAN \nLAYANAN CASH DEPOSIT MACHINE (CDM) \n1. Nasabah dapat menggunakan layanan ATM/CDM dengan \nmenggunakan Kartu Debit/ATM yang dimiliki dan Nasabah \ndapat melakukan Transaksi Finansial ataupun Non \nFinansial di terminal ATM/CDM sesuai dengan jenis \ntransaksi yang telah ditentukan oleh Bank.  \n2. PIN yang digunakan pada terminal ATM sama dengan PIN \nyang digunakan pada terminal CDM sesuai dengan jenis \ntransaksi.  \n3. Nasabah tidak dapat membatalkan/mengubah transaksi \nyang telah dilakukan melalui ATM ataupun CDM dengan \nalasan apapun dan transaksi tersebut secara otomatis \nmengikat Nasabah pada saat instruksi diberikan melalui \nATM ataupun CDM tersebut. \n4. Jenis Layanan ATM adalah sebagaimana tercantum \ndalam media pemasaran (antara lain: brosur).  \n5. Jenis Layanan CDM, meliputi: \na. Setoran Tunai melalui CDM: \n1) Menggunakan jenis uang, denominasi dan mata \nuang yang telah ditentukan oleh Bank dengan \njumlah maksimal yang ditentukan oleh Bank \nsebagaimana tercantum dalam informasi yang \ntertera pada terminal CDM. \n2) Dapat dilakukan ke Rekening Tabungan dan Giro \n(CASA) dalam 1 (satu) CIF ataupun Rekening \nCASA Nasabah Danamon lainnya. \n3) Kondisi uang yang bisa diterima oleh terminal CDM \nmengikuti standar yang ditetapkan oleh Bank \nsebagaimana tercantum dalam informasi yang \ntertera pada terminal CDM. Jika terdapat perbedaan \njumlah yang disetor di terminal CDM dengan jumlah \nyang tercatat di sistem Bank, maka akan dilakukan \npenelusuran yang wajar terlebih dahulu oleh Bank, \nsebelum diakui bahwa jumlah setoran tunai yang \ntercatat disistem Bank menjadi bukti mengikat para \npihak.', '3. Bank Notes adalah mata uang asing yang masih berlaku \ndan dapat diperjual belikan melalui sarana jual beli.  \n4. Beneficial Owner adalah setiap orang yang: \na. Berhak atas dan/atau menerima manfaat tertentu yang \nberkaitan dengan rekening Nasabah; \nb. Merupakan pemilik sebenarnya dari dana dan/atau efek \nyang ditempatkan pada Bank (ultimately own account); \nc. Mengendalikan transaksi Nasabah; \nd. Memberikan kuasa untuk melakukan transaksi; \ne. Mengendalikan korporasi atau perikatan lainnya (legal \narrangement); dan/atau \nf. Merupakan pengendali akhir dari transaksi yang \ndilakukan melalui badan hukum atau berdasarkan \nsuatu perjanjian. \n5. Cash Deposit Machine (CDM) adalah mesin yang dapat \ndigunakan oleh Nasabah untuk melakukan setoran tunai', '7\ndilakukan ke dalam mata uang Rupiah sesuai Ketentuan \nTarif pada saat transaksi dilakukan. Biaya yang timbul \nterkait pilihan tersebut (biaya transfer/biaya lainnya serta \nbiaya administrasi) disetujui Nasabah untuk dibebankan \nkepada Nasabah sesuai Ketentuan Tarif yang berlaku \npada Bank.  \n3. Apabila terdapat tolakan/retur atas setoran non tunai, \nmaka Nasabah dengan ini setuju dan memberi kuasa \nkepada Bank untuk menyerahkan media terkait setoran \nnon tunai tersebut (berikut bukti tolakan - jika ada) kepada \npihak penyetor. Biaya yang timbul terkait adanya \ntolakan/retur tersebut disetujui untuk dibebankan ke \nRekening Nasabah dan Bank dengan ini diberi kuasa \nuntuk melakukan pendebetan atas biaya tersebut dari \nRekening. \n4. Apabila transaksi setoran dilakukan dalam valuta yang', '36 \nDeposito, ATM/CDM, ketentuan FATCA dan ketentuan \nlainnya berkaitan dengan layanan perbankan yang \ndiberikan Bank kepada Nasabah (termasuk namun tidak \nterbatas pada transaksi yang dilakukan melalui media \nelektronik). \n11. Segala kuasa yang diberikan Nasabah dalam Syarat dan \nKetentuan Umum ini diberikan dengan hak substitusi dan \nselama kewajiban-kewajiban Nasabah kepada Bank  \nbelum dipenuhi sepenuhnya, maka kuasa-kuasa tersebut \ntidak dapat dicabut kembali ataupun tidak akan berakhir \nkarena alasan apapun, termasuk tetapi tidak terbatas pada \nsebab-sebab yang disebut dalam pasal 1813 (Pemberian \nkuasa berakhir: dengan ditariknya kembali kuasanya si \nkuasa; dengan pemberitahuan penghentian kuasanya oleh \nsi kuasa; dengan meninggalnya, pengampuannya atau', 'akan berdampak pada penarikan dana Rekening, maka \nNasabah wajib menyediakan dana yang cukup di \nrekeningnya. Ketidaktersediaan dana dapat menyebabkan \nBank tidak menjalankan instruksi tersebut. \nB. PENYETORAN, PINDAHBUKU/TRANSFER DAN \nPENARIKAN  \n1. Nasabah dapat melakukan penyetoran ke Rekening \nsecara tunai maupun non tunai dengan menggunakan \nwarkat Cek dan/atau Bilyet Giro atau pemindahbukuan. \nSetoran non tunai baru dianggap berlaku efektif apabila \ndananya telah diterima oleh Bank dan sesuai dengan \nketentuan pembukuan yang diatur pada butir II.C \n(Pembukuan) pada Syarat dan Ketentuan Umum ini. \nSetoran melalui counter Bank hanya diakui apabila \ndokumen transaksi telah divalidasi (bukti cetakan data dari \nsistem) atau disahkan oleh petugas Bank sesuai dengan', 'Nasabah. \n7. Transaksi dengan menggunakan kartu dapat dilakukan \nsepanjang Rekening Nasabah yang telah terkoneksi \ndengan kartu dalam keadaan aktif dan saldo mencukupi \ndan hanya dapat diakses ke rekening-rekening dalam \nvaluta Rupiah dan/atau valuta tertentu yang dimiliki oleh \nNasabah dan telah disetujui oleh Bank. \n8. Batasan nominal untuk transaksi dengan menggunakan \nkartu dan besarnya biaya ditentukan oleh Bank dan \nsewaktu-waktu dapat berubah dengan pemberitahuan di \nkantor-kantor cabang Bank atau di lokasi-lokasi tempat \nATM/CDM berada atau melalui media lainnya yang \ntersedia pada Bank.', 'tersebut diatas diakui Nasabah memiliki kekuatan hukum \nyang sama dengan perintah tertulis yang ditandatangani \noleh Nasabah dan mengikat Nasabah, kecuali dapat \ndibuktikan sebaliknya. \n7. Nasabah dengan ini menyatakan telah mengetahui dan \nmenyadari sepenuhnya segala risiko yang timbul dari \ntransaksi, \nbaik \nyang \ndilakukan \nmelalui \nATM/CDM, \nMerchant, atau tempat-tempat yang ditentukan oleh Bank \ndan bertanggung jawab penuh atas seluruh transaksi yang \ntelah dilakukan, termasuk jika terjadi penyalahgunaan \nRekening, Kartu Debit/ATM dan/atau layanan perbankan \noleh sebab apapun juga, kecuali dapat dibuktikan bahwa \nkerugian yang timbul tersebut karena kesalahan/kelalaian \nBank.', 'yang telah diberikan Nasabah (termasuk identitas dan \nsumber dana dari Beneficial Owner) atau transaksi \nkeuangan Nasabah tidak benar atau diduga berasal \ndari/merupakan hasil tindak pidana pencucian uang. \nf. Nasabah wajib menyerahkan, dari waktu ke waktu, \ndata nama-nama dan contoh tanda tangan dari pihak \nyang berwenang menandatangani segala dokumen \nyang diperlukan untuk mengakses data dan mengelola \nRekening atau memberikan instruksi terkait Rekening \ndan layanan yang dipilih Nasabah (baik untuk \nTransaksi Finansial maupun Transaksi Non Finansial) \nyang pelaksanaan transaksinya dilakukan melalui \nkantor cabang Bank, Hello Danamon, ATM, CDM \ndan/atau layanan lainnya, termasuk surat kuasa dan \ndokumen terkait lainnya sesuai ketentuan  yang berlaku \npada Bank.']","Berdasarkan [SUMBER INFORMASI], maksimal setoran tunai yang bisa dilakukan melalui mesin CDM adalah **jumlah maksimal yang ditentukan oleh Bank**.

Setoran non tunai baru dianggap berlaku efektif apabila dananya telah diterima oleh Bank sesuai dengan ketentuan pembukuan.","Jumlah maksimal setoran tunai melalui CDM ditentukan oleh Bank dan tercantum dalam informasi yang ditampilkan pada terminal CDM saat transaksi, bukan angka tetap yang disebutkan dalam Syarat dan Ketentuan Umum.",,,,
Berapa lama Bank menyelesaikan pengaduan tertulis dari nasabah?,"['Nasabah \ndapat \nmengajukan pengaduan atas transaksi/layanan perbankan \nkepada Bank (kantor cabang Bank yang terdekat atau \nHello Danamon) secara lisan maupun secara tertulis. \n2. Dalam hal Nasabah dan/atau Perwakilan Nasabah \nmengajukan pengaduan secara lisan, maka Bank akan \nmelakukan verifikasi pada saat pengaduan disampaikan \noleh Nasabah dan/atau Perwakilan Nasabah. \n3. Dalam hal penyelesaian pengaduan secara lisan tidak \ndapat diselesaikan dalam jangka waktu 5 (lima) hari kerja \nsejak pengaduan diterima oleh Bank, maka Bank berhak \nmeminta kepada Nasabah dan/atau Perwakilan Nasabah \nuntuk mengajukan pengaduan secara tertulis dengan \ndisertai dokumen pendukung yang dipersyaratkan oleh \nBank. \n4. Pengaduan tertulis yang diajukan oleh Nasabah  dan/atau \nPerwakilan \nNasabah \nakan', '30 \nBank akan menginformasikan kepada Nasabah dan/atau \nPerwakilan \nNasabah \nuntuk \nmelengkapinya \ndan \nmemberikan waktu maksimal 20 (dua puluh) hari kerja dan \ntambahan 20 (dua puluh) hari kerja apabila: \na. Dokumen yang diperlukan tidak berada pada domisili \nNasabah; dan/atau \nb. Terdapat hal lain diluar kendali Nasabah. \n6. Bank \nberhak \nmemperpanjang \nwaktu \npenyelesaian \npengaduan tersebut hingga 20 (dua puluh) hari kerja \nberikutnya dengan pemberitahuan secara tertulis kepada \nNasabah dan/atau Perwakilan Nasabah, apabila terdapat \nhal-hal sebagai berikut: \na. Kantor Bank yang menerima pengaduan tidak sama \ndengan Kantor Bank tempat terjadinya permasalahan \nyang diadukan dan terdapat kendala komunikasi \ndiantara kedua Kantor Bank tersebut. \nb. Pengaduan memerlukan penelitian khusus terhadap \ndokumen Bank. \nc. Terjadi Force Majeure sebagaimana dimaksud dalam \nbutir IV.D Syarat dan Ketentuan Umum ini dan/atau \nterjadi sebab-sebab lain diluar kendali Bank dan dalam \nhal \nini \nBank \ntelah \nmelakukan \nlangkah-langkah \nperbaikan yang wajar sesuai kelaziman dalam praktik \nperbankan.  \nBank dapat juga menyelesaikan pengaduan diluar jangka \nwaktu 2 (dua) kali 20 (dua puluh) hari kerja, jika \npenyelesaian pengaduan memerlukan tindak lanjut oleh \npihak lain dan tindak lanjut tersebut mempengaruhi jangka \nwaktu \npenyelesaian \npengaduan. \nBank \nakan \nmemberitahukan secara tertulis kepada Nasabah dan/atau \nPerwakilan Nasabah setiap terjadinya perpanjangan waktu \npenyelesaian pengaduan. \n7. Apabila', 'Perwakilan \nNasabah \nakan \ndiselesaikan \ndan \npemberitahuannya akan disampaikan secara tertulis \nkepada Nasabah paling lama 20 (dua puluh) hari kerja \nsejak dokumen terkait dengan Pengaduan Nasabah \nditerima secara lengkap oleh Bank.  \n5. Dalam hal Nasabah dan/atau Perwakilan Nasabah belum \ndapat memenuhi dokumen yang dipersyaratkan, maka', '31 \n8. Bank wajib menyediakan informasi mengenai status \npenanganan pengaduan pada saat Nasabah dan/atau \nPerwakilan Nasabah meminta penjelasan kepada Bank \nmengenai pengaduan yang diajukan. \n9. Bank dapat menolak menangani pengaduan jika: \na. Nasabah \ndan/atau \nperwakilan \nNasabah \ntidak \nmelengkapi persyaratan dokumen sesuai dengan \njangka waktu yang telah ditetapkan; \nb. Pengaduan sebelumnya telah diselesaikan oleh Bank \nsesuai dengan ketentuan perundang-undangan yang \nberlaku; \nc. Pengaduan tidak terkait dengan kerugian dan/atau \npotensi kerugian materiil, wajar, dan secara langsung \nsebagaimana tercantum dalam perjanjian dan/atau \ndokumen transaksi keuangan; dan/atau \nd. Pengaduan tidak terkait dengan Transaksi Keuangan \nyang dikeluarkan oleh Bank yang bersangkutan. \n10. Dalam hal pengaduan disampaikan secara tertulis, Bank \nakan \nmenyampaikan \ntanggapan \npengaduan \nsecara \ntertulis. Kemudian apabila pengaduan disampaikan secara \nlisan, Bank akan menyampaikan tanggapan pengaduan \nsecara lisan dan/atau tertulis. \n11. Dalam hal Nasabah dan/atau Perwakilan Nasabah \nmenyampaikan keberatan terhadap tanggapan pengaduan \ndan/atau menyampaikan dokumen baru yang dapat \nmengakibatkan perubahan tanggapan pengaduan, maka \nBank wajib menyelesaikan keberatan tersebut dalam \njangka waktu sebagaimana diatur dalam ketentuan butir 4 \ndan 6. \n12. Dalam hal Nasabah dan/atau Perwakilan Nasabah \nmenolak tanggapan pengaduan dari Bank maka Nasabah \ndan/atau Perwakilan Nasabah dapat melakukan upaya', 'Bank dan jika Advice Deposito hilang cukup \ndiinformasikan kepada Bank. \n4. Nasabah wajib melakukan pemeriksaan atas setiap \npemberitahuan yang disampaikan Bank terkait dengan \npembukuan \nRekening \nNasabah. \nDengan \ntetap \nmemperhatikan ketentuan pada butir II.C.2 di atas, \nNasabah dengan ini setuju bahwa isi pemberitahuan \ntersebut dianggap telah disetujui oleh Nasabah jika dalam \nwaktu 30 (tiga puluh) hari kerja sejak pemberitahuan \ndisampaikan, Bank tidak menerima keberatan secara \ntertulis dari Nasabah.  \nD. BUNGA DAN PENJAMINAN SIMPANAN \n1. Perhitungan  dan  pembukuan  bunga/jasa  simpanan \ndilakukan sebagai berikut: \na. Khusus Tabungan/Giro: \nBunga \ndiperhitungkan \ndan \ndibukukan \ndengan \nketentuan sebagai berikut: \n1) Bunga dihitung atas dasar saldo harian dalam 1 \n(satu) \nbulan', 'cabang Bank dan/atau melalui media komunikasi lainnya \nsesuai data yang terakhir terdata pada Bank. \n6. Dalam hal terdapat perubahan manfaat, risiko, biaya, \nsyarat dan ketentuan umum ini, maka Nasabah berhak \nmengajukan keberatannya secara tertulis kepada Bank \ndalam waktu 30 (tiga puluh) hari kerja terhitung sejak \npemberitahuan perubahan tersebut oleh Bank melalui \nmedia komunikasi Bank. Nasabah setuju bahwa Bank \nakan \nmenganggap \nNasabah \nmenyetujui \nperubahan \ntersebut dalam hal Nasabah tidak mengajukan keberatan \ntersebut diatas. \nApabila Nasabah tidak menyetujui perubahan tersebut, \nNasabah berhak menutup Rekening dan/atau Layanan \ndengan terlebih dahulu menyelesaikan seluruh kewajiban \nNasabah yang masih terhutang kepada Bank.', 'dan akan diinformasikan kepada Nasabah), maka Bank \nberwenang untuk menghentikan sementara pengiriman \nRekening \nKoran \nElektronik \ntersebut \nhingga \nBank \nmenerima instruksi lebih lanjut dari Nasabah.  \n2. Nasabah menyatakan bahwa seluruh data/keterangan \nyang diberikan kepada Bank terkait layanan Rekening \nKoran Elektronik (termasuk namun tidak terbatas pada \nalamat email) adalah benar dan valid serta menjadi dasar \nyang sah bagi Bank didalam memberikan Rekening Koran \nElektronik dan Bank tidak berkewajiban untuk meneliti, \nmenyelidiki keabsahan/kebenaran atas data alamat email \nNasabah \ndan/atau \nmemastikan \nketepatan \ntelah \nditerimanya Rekening Koran Elektronik oleh Nasabah. \nUntuk layanan Rekening Koran Elektronik, file yang \ndikirimkan dalam bentuk attachment email (PDF) dan', 'tanggung jawab Nasabah. Kecuali yang disebabkan \noleh kelalaian/kesalahan Bank. \n5) Permintaan blanko Cek/Bilyet Giro harus dilakukan \nsecara tertulis oleh Nasabah dan pengembalian \ntanda terima blanko Cek/Bilyet Giro harus dilakukan \npada saat penerimaan blanko Cek/Bilyet Giro oleh \nNasabah atau Perwakilan Nasabah. Nasabah \ndengan ini setuju bahwa Bank akan langsung \nmelakukan pengaktifan atas blanko warkat yang \ntelah diambil oleh Nasabah atau Perwakilan \nNasabah tersebut sesuai prosedur yang berlaku']","Berdasarkan [SUMBER INFORMASI], Bank menyelesaikan pengaduan tertulis dalam jangka waktu **20 (dua puluh) hari kerja** sejak dokumen terkait dengan Pengaduan Nasabah diterima secara lengkap oleh Bank.

Jika terdapat hal-hal yang memerlukan perpanjangan, seperti perbedaan kantor atau kebutuhan penelitian khusus terhadap data Bank tersebut, maka durasi penyelesaian dapat diperpanjang hingga 4 kali lagi selama tidak lebih dari 15 (lima belas) hari kerja setelah setiap periode tambahan selesai.","Pengaduan tertulis diselesaikan dan pemberitahuannya disampaikan secara tertulis paling lama 20 hari kerja sejak dokumen pengaduan diterima secara lengkap oleh Bank, dan dapat diperpanjang hingga 20 hari kerja berikutnya dalam kondisi tertentu.",,,,
Apakah nasabah bisa membatalkan pengaduan yang tidak terkait kerugian materiil?,"['4\n16. Nasabah adalah perorangan maupun badan yang \nmemiliki Rekening di Bank dan/atau menggunakan \nlayanan perbankan yang disediakan oleh Bank. \n17. One Time Password (OTP) adalah kode berupa angka \nyang bersifat rahasia yang dikirimkan oleh sistem Bank \nmelalui SMS (Short Message Service) ke nomor seluler \nNasabah yang terdaftar pada sistem Bank atau dihasilkan \noleh Danamon Token yang harus dimasukkan oleh \nNasabah sebagai otorisasi persetujuan Nasabah terhadap \ntransaksi yang akan dilakukan pada Bank. \n18. Pengaduan Nasabah adalah ungkapan ketidakpuasan \nNasabah baik secara lisan atau tertulis yang disampaikan \nmelalui sarana komunikasi atau media resmi yang telah \nditentukan Bank yang disebabkan oleh adanya kerugian \ndan/atau potensi kerugian materiil, wajar dan secara \nlangsung pada Nasabah karena tidak dipenuhinya \nperjanjian dan/atau dokumen transaksi keuangan yang \ntelah disepakati.  \n19. Perwakilan Nasabah adalah pihak yang bertindak untuk \ndan atas nama Nasabah dengan berdasarkan surat kuasa \nkhusus dari Nasabah. \n20. PIN ATM adalah kode/sandi rahasia yang diperlukan agar \nNasabah dapat menggunakan layanan di terminal ATM/ \nCDM/EDC dan kewenangan penggunaannya hanya ada \npada Nasabah.  \n21. PIN Telepon adalah kode/sandi rahasia yang diberikan \noleh Bank kepada Nasabah yang berfungsi sebagai media \nverifikasi bagi Bank yang diperlukan agar Nasabah dapat \nmenggunakan \nlayanan \nHello \nDanamon/IVR \ndan \nkewenangan penggunaannya hanya ada pada Nasabah.', 'dan mengetahui terdapat usaha-usaha dari pihak lain \nuntuk meminta informasi kartu dan/atau kode OTP melalui \nmedia apapun maka Nasabah dapat segera menghubungi \nBank melalui kantor cabang terdekat, Hello Danamon, \ndan/atau media lain yang dikelola secara resmi oleh Bank. \n12. Nasabah dapat mengajukan permohonan penggantian \nkartu dan biaya administrasi yang timbul atas penggantian \nkartu menjadi beban Nasabah.   \n13. Bank berhak menarik/membatalkan/menutup kartu sesuai \nketentuan yang berlaku pada Bank dengan pemberitahuan \nke Nasabah dalam hal terjadi salah satu sebab di bawah \nini: \na. Nasabah lalai/tidak mentaati Syarat dan Ketentuan \nUmum ini; \nb. Nasabah meninggal dunia;', '24 \n9. Setiap \ntransaksi \nyang \nmenggunakan \nkartu \nyang \nmengakibatkan perubahan pada saldo Rekening akan \ndibukukan/dicatat pada Bukti Mutasi Nasabah. \n10. Nasabah wajib menyimpan kartu dengan baik dan \nmerahasiakan PIN. Apabila kartu digunakan oleh pihak lain \nyang \ntidak \nberhak \n(antara \nlain: \nkarena \nkartu \ndicuri/hilang/dipalsukan ataupun karena alasan apapun \njuga), maka Nasabah wajib segera memberitahukan \nmelalui telepon atau faksimili kepada Bank (kantor cabang \nBank yang terdekat atau Hello Danamon) untuk dilakukan \nproses pemblokiran oleh Bank. Nasabah bertanggung \njawab \natas \nkerugian \nyang \ntimbul \nakibat \nkelalaian/keterlambatan melaporkan kepada Bank, kecuali \ndapat dibuktikan sebaliknya. \n11. Nasabah wajib mengamankan kode OTP yang dikirimkan', 'mengatur penarikan warkat, termasuk adanya \nkewajiban untuk mengisi Cek/Bilyet Giro atau \nsarana penarikan/pemindahbukuan lainnya yang \nditentukan oleh Bank dengan lengkap dan benar \nsesuai dengan peraturan yang berlaku serta \nmenatausahakan/menyimpan \nbuku/lembaran \nblanko Cek/Bilyet Giro atau sarana penarikan/ \npemindahbukuan lainnya tersebut dengan baik. \nSegala risiko dan kerugian yang timbul atas \nkelalaian Nasabah dan/atau Perwakilan Nasabah \ndidalam pengisian/penyimpanan Cek/Bilyet Giro \natau sarana penarikan/pemindahbukuan lainnya \ntersebut yang menyebabkan Cek/Bilyet Giro atau \nsarana penarikan/pemindahbukuan lainnya tersebut \nhilang \ndan/atau \ndisalahgunakan \noleh \norang-\norang/pihak yang tidak berhak sepenuhnya menjadi \ntanggung jawab Nasabah. Kecuali yang disebabkan', '29 \nc. Menggunakan Kode Akses yang tidak mudah ditebak \n(antara lain: tanggal lahir atau identitas lainnya). \nd. Tidak mencatat Kode Akses di tempat yang mudah \ndiketahui oleh orang lain. \ne. Tidak menggunakan Kode Akses yang sama dengan \nproduk/layanan lain yang juga menggunakan Kode \nAkses. \nf. Tindakan lain sesuai dengan syarat dan ketentuan \nyang telah disepakati. \nF. LAYANAN PERBANKAN LAINNYA \nTerhadap layanan perbankan lainnya yang tidak diatur dalam \nSyarat dan Ketentuan Umum ini, akan diatur secara terpisah \ndan merupakan satu kesatuan serta bagian yang tidak \ndipisahkan dari Syarat dan Ketentuan Umum ini. \nG. PENGAJUAN PENGADUAN ATAS LAYANAN \nPERBANKAN  \n1. Nasabah \ndan/atau \nPerwakilan \nNasabah \ndapat \nmengajukan pengaduan atas transaksi/layanan perbankan', 'tersebut diatas diakui Nasabah memiliki kekuatan hukum \nyang sama dengan perintah tertulis yang ditandatangani \noleh Nasabah dan mengikat Nasabah, kecuali dapat \ndibuktikan sebaliknya. \n7. Nasabah dengan ini menyatakan telah mengetahui dan \nmenyadari sepenuhnya segala risiko yang timbul dari \ntransaksi, \nbaik \nyang \ndilakukan \nmelalui \nATM/CDM, \nMerchant, atau tempat-tempat yang ditentukan oleh Bank \ndan bertanggung jawab penuh atas seluruh transaksi yang \ntelah dilakukan, termasuk jika terjadi penyalahgunaan \nRekening, Kartu Debit/ATM dan/atau layanan perbankan \noleh sebab apapun juga, kecuali dapat dibuktikan bahwa \nkerugian yang timbul tersebut karena kesalahan/kelalaian \nBank.', 'diantara kedua Kantor Bank tersebut. \nb. Pengaduan memerlukan penelitian khusus terhadap \ndokumen Bank. \nc. Terjadi Force Majeure sebagaimana dimaksud dalam \nbutir IV.D Syarat dan Ketentuan Umum ini dan/atau \nterjadi sebab-sebab lain diluar kendali Bank dan dalam \nhal \nini \nBank \ntelah \nmelakukan \nlangkah-langkah \nperbaikan yang wajar sesuai kelaziman dalam praktik \nperbankan.  \nBank dapat juga menyelesaikan pengaduan diluar jangka \nwaktu 2 (dua) kali 20 (dua puluh) hari kerja, jika \npenyelesaian pengaduan memerlukan tindak lanjut oleh \npihak lain dan tindak lanjut tersebut mempengaruhi jangka \nwaktu \npenyelesaian \npengaduan. \nBank \nakan \nmemberitahukan secara tertulis kepada Nasabah dan/atau \nPerwakilan Nasabah setiap terjadinya perpanjangan waktu \npenyelesaian pengaduan. \n7. Apabila', 'perubahan tersebut akan diinformasikan kepada \nNasabah melalui counter cabang atau media \nelektronik Bank atau media lain yang disepakati. \n2. Penjaminan Simpanan: \na. Nasabah mengakui telah mengetahui bahwa terhadap \nsimpanan Nasabah pada Bank berlaku peraturan \nterkait Lembaga Penjamin Simpanan (LPS) dan nilai \nsimpanan yang dijamin untuk setiap nasabah pada 1 \n(satu) Bank adalah sesuai yang ditentukan dalam \nperaturan perundang-undangan yang berlaku. \nb. Nasabah dengan ini mengetahui dan menyatakan \nmenerima \nrisiko \natas \nsimpanannya \nyang \nakan \ndikecualikan dari ketentuan penjaminan jika: \n1) Data simpanan Nasabah tidak tercatat pada Bank. \n2) Termasuk kategori Nasabah yang diuntungkan \nsecara tidak wajar (yaitu pemberian bunga atas \nsimpanan melebihi tingkat bunga yang wajar yang', 'yang telah diberikan Nasabah (termasuk identitas dan \nsumber dana dari Beneficial Owner) atau transaksi \nkeuangan Nasabah tidak benar atau diduga berasal \ndari/merupakan hasil tindak pidana pencucian uang. \nf. Nasabah wajib menyerahkan, dari waktu ke waktu, \ndata nama-nama dan contoh tanda tangan dari pihak \nyang berwenang menandatangani segala dokumen \nyang diperlukan untuk mengakses data dan mengelola \nRekening atau memberikan instruksi terkait Rekening \ndan layanan yang dipilih Nasabah (baik untuk \nTransaksi Finansial maupun Transaksi Non Finansial) \nyang pelaksanaan transaksinya dilakukan melalui \nkantor cabang Bank, Hello Danamon, ATM, CDM \ndan/atau layanan lainnya, termasuk surat kuasa dan \ndokumen terkait lainnya sesuai ketentuan  yang berlaku \npada Bank.']","Berdasarkan dokumen yang Anda berikan, **tidak ada informasi** mengenai apakah nasabah bisa membatalkan pengaduan terkait kerugian materiil.

Dokumen hanya menyebutkan bahwa:
1. Nasabah dapat mengajukan pengaduan atas transaksi/layanan perbankan (Potongan 8).
2. Pengaduan diakui jika terjadi kerugian dan potensi kerugian materialial sesuai dengan perjanjian (ditemukan di Potongan 6 tentang ""potensi kerugian"").","Bank dapat menolak menangani pengaduan yang tidak terkait dengan kerugian dan/atau potensi kerugian materiil, wajar, dan secara langsung sebagaimana tercantum dalam perjanjian atau dokumen transaksi keuangan.",,,,
Ke pengadilan mana sengketa nasabah dan Bank Danamon diselesaikan jika penyelesaian sengketa lewat OJK tidak berhasil?,"['diberikan Nasabah kepada Bank dan/atau terdapat \nsengketa diantara Nasabah; atau \n4) Dana pada Rekening Nasabah tidak mencukupi \ndan/atau Rekening dalam keadaan tidak aktif \n(diblokir, rekening Nasabah masuk dalam kriteria \nRekening Pasif dan lainnya); maupun \n5) Penggunaan Rekening tidak sesuai dengan profil \nNasabah dan terdapat indikasi pelanggaran tindak \npidana \npencucian \nuang \ndan/atau \npendanaan \nterorisme. \nb. Permintaan dari instansi terkait atau Bank lain \nsebagaimana diatur dalam regulasi yang berlaku.  \nc. Diwajibkan oleh peraturan perundang-undangan yang \nberlaku. \nd. Karena sebab-sebab lain yang terjadi diluar kendali \nBank (termasuk namun tidak terbatas pada terjadinya \nforce majeure) atau bertentangan dengan ketentuan \nyang ditetapkan. \nKhusus untuk sengketa/permasalahan diantara Nasabah \ndan/atau adanya pertentangan instruksi, maka Nasabah \ndengan ini setuju bahwa Bank akan menjalankan instruksi \nsetelah \nada \nkejelasan \natas \nsengketa/permasalahan \ntersebut dan menerima klarifikasi resmi dari para pihak \nyang \nbersengketa \nyang \ndibuktikan \ndengan \nakta', 'yang timbul dari atau sehubungan dengan Syarat dan \nKetentuan Umum ini atau pelaksanaannya, maka Bank \ndan Nasabah sepakat untuk menyelesaikan sengketa \nmelalui Lembaga Alternatif Penyelesaian Sengketa yang \ndimuat dalam Daftar Lembaga Alternatif Penyelesaian \nSengketa yang ditetapkan oleh Otoritas Jasa Keuangan \natau melalui Pengadilan Negeri di tempat kantor cabang \nPemelihara Rekening.  \nF. LAIN-LAIN \n1. Syarat dan Ketentuan Umum ini merupakan bagian yang \ntidak terpisahkan dari Aplikasi Pembukaan Rekening dan/ \natau aplikasi fasilitas/layanan perbankan untuk masing-\nmasing produk/layanan yang berlaku pada Bank. \n2. Jika ada satu ketentuan dalam Syarat dan Ketentuan \nUmum ini yang oleh karena suatu ketetapan Pemerintah \natau pengadilan dilarang atau tidak dapat dilaksanakan', 'bahwa \nBank \ndapat \nmenyerahkan/mengalihkan pekerjaan kepada pihak ketiga \n(termasuk perusahaan grup Bank) untuk menunjang \nkegiatan Bank didalam menyediakan produk/layanan \nuntuk Nasabah, dengan tetap memperhatikan peraturan \nperundang-undangan yang berlaku.  \nB. TANGGUNG JAWAB NASABAH UNTUK MELUNASI \nKEWAJIBAN \n1. Jika Nasabah mempunyai kewajiban kepada Bank, baik \nuntuk kewajiban yang timbul karena transaksi yang belum \ndiselesaikan oleh Nasabah, baik karena cerukan/overdraft \nmaupun kewajiban yang timbul berdasarkan Perjanjian \nKredit/Pengakuan Hutang atau perjanjian lainnya yang \ndibuat antara Nasabah dengan Bank, maka Bank berhak \ndan dengan ini diberi kuasa oleh Nasabah untuk', '18 \n7. Jika Nasabah menutup Rekening atas permintaan sendiri \natau karena suatu hal tertentu ditutup oleh Bank, maka \nseluruh transaksi dan kewajiban Nasabah yang belum \ndiselesaikan harus dipenuhi dengan tetap mengacu pada \nketentuan Bank, yaitu: \na. Khusus Tabungan: \n1) Jika Nasabah tidak mempunyai fasilitas Kartu \nDebit/ATM, Nasabah wajib membawa Bukti Mutasi \nyang disyaratkan. \n2) Jika Nasabah mempunyai fasilitas Kartu Debit/ATM \ndan hanya mengakses ke Rekening yang ditutup \ntersebut, maka Nasabah wajib membawa Bukti \nMutasi \nyang \ndipersyaratkan \noleh \nBank \ndan \nmengembalikan Kartu Debit/ATM. \nb. Khusus Giro: \n1) Nasabah wajib mengembalikan sisa buku/lembaran \nblanko Cek dan/atau Bilyet Giro yang tidak/belum \ndigunakan atau sarana penarikan/pemindahbukuan \nlainnya kepada Bank.', 'diantara kedua Kantor Bank tersebut. \nb. Pengaduan memerlukan penelitian khusus terhadap \ndokumen Bank. \nc. Terjadi Force Majeure sebagaimana dimaksud dalam \nbutir IV.D Syarat dan Ketentuan Umum ini dan/atau \nterjadi sebab-sebab lain diluar kendali Bank dan dalam \nhal \nini \nBank \ntelah \nmelakukan \nlangkah-langkah \nperbaikan yang wajar sesuai kelaziman dalam praktik \nperbankan.  \nBank dapat juga menyelesaikan pengaduan diluar jangka \nwaktu 2 (dua) kali 20 (dua puluh) hari kerja, jika \npenyelesaian pengaduan memerlukan tindak lanjut oleh \npihak lain dan tindak lanjut tersebut mempengaruhi jangka \nwaktu \npenyelesaian \npengaduan. \nBank \nakan \nmemberitahukan secara tertulis kepada Nasabah dan/atau \nPerwakilan Nasabah setiap terjadinya perpanjangan waktu \npenyelesaian pengaduan. \n7. Apabila', 'yang telah diberikan Nasabah (termasuk identitas dan \nsumber dana dari Beneficial Owner) atau transaksi \nkeuangan Nasabah tidak benar atau diduga berasal \ndari/merupakan hasil tindak pidana pencucian uang. \nf. Nasabah wajib menyerahkan, dari waktu ke waktu, \ndata nama-nama dan contoh tanda tangan dari pihak \nyang berwenang menandatangani segala dokumen \nyang diperlukan untuk mengakses data dan mengelola \nRekening atau memberikan instruksi terkait Rekening \ndan layanan yang dipilih Nasabah (baik untuk \nTransaksi Finansial maupun Transaksi Non Finansial) \nyang pelaksanaan transaksinya dilakukan melalui \nkantor cabang Bank, Hello Danamon, ATM, CDM \ndan/atau layanan lainnya, termasuk surat kuasa dan \ndokumen terkait lainnya sesuai ketentuan  yang berlaku \npada Bank.', 'dan/atau Perwakilan Nasabah dapat melakukan upaya \npenyelesaian sengketa sesuai dengan ketentuan pada \nbagian Hukum yang Berlaku dan Yurisdiksi dalam Syarat \ndan Ketentuan Umum ini. \n13. Prosedur mengenai layanan Pengaduan Nasabah dapat \ndiakses melalui website:  \n\uf0a7 Layanan Hello Danamon: https://www.danamon.co.id', 'akan berdampak pada penarikan dana Rekening, maka \nNasabah wajib menyediakan dana yang cukup di \nrekeningnya. Ketidaktersediaan dana dapat menyebabkan \nBank tidak menjalankan instruksi tersebut. \nB. PENYETORAN, PINDAHBUKU/TRANSFER DAN \nPENARIKAN  \n1. Nasabah dapat melakukan penyetoran ke Rekening \nsecara tunai maupun non tunai dengan menggunakan \nwarkat Cek dan/atau Bilyet Giro atau pemindahbukuan. \nSetoran non tunai baru dianggap berlaku efektif apabila \ndananya telah diterima oleh Bank dan sesuai dengan \nketentuan pembukuan yang diatur pada butir II.C \n(Pembukuan) pada Syarat dan Ketentuan Umum ini. \nSetoran melalui counter Bank hanya diakui apabila \ndokumen transaksi telah divalidasi (bukti cetakan data dari \nsistem) atau disahkan oleh petugas Bank sesuai dengan', '29 \nc. Menggunakan Kode Akses yang tidak mudah ditebak \n(antara lain: tanggal lahir atau identitas lainnya). \nd. Tidak mencatat Kode Akses di tempat yang mudah \ndiketahui oleh orang lain. \ne. Tidak menggunakan Kode Akses yang sama dengan \nproduk/layanan lain yang juga menggunakan Kode \nAkses. \nf. Tindakan lain sesuai dengan syarat dan ketentuan \nyang telah disepakati. \nF. LAYANAN PERBANKAN LAINNYA \nTerhadap layanan perbankan lainnya yang tidak diatur dalam \nSyarat dan Ketentuan Umum ini, akan diatur secara terpisah \ndan merupakan satu kesatuan serta bagian yang tidak \ndipisahkan dari Syarat dan Ketentuan Umum ini. \nG. PENGAJUAN PENGADUAN ATAS LAYANAN \nPERBANKAN  \n1. Nasabah \ndan/atau \nPerwakilan \nNasabah \ndapat \nmengajukan pengaduan atas transaksi/layanan perbankan']","Berdasarkan [SUMBER INFORMASI], jika penyelesaian sengketa melalui Lembaga Alternatif Penyelesaian Sengkela (LAPSE) OJK tidak berhasil, maka Nasabah dapat menyelesaikan pengaduan tersebut di Pengadilan Negeri yang memiliki kantor cabang Bank.

**Catatan:**
1.  **Kantor Cabang Bank**: Pengadilan harus berada pada wilayah hukum Kantor Cabang Bank tempat transaksi atau rekening nasabah terjadi masalah ini.
2.  Jika ada informasi lain mengenai pengadilan khusus untuk kasus perbankan selain ""Pengadilan Negeri"", silakan berikan detail lebih lanjut agar saya bisa menjawab dengan tepat sesuai konteks dokumen Anda.","Sengketa diselesaikan melalui Lembaga Alternatif Penyelesaian Sengketa yang ditetapkan oleh Otoritas Jasa Keuangan, atau melalui Pengadilan Negeri di tempat kantor cabang Pemelihara Rekening Nasabah.",,,,
Apakah Bank bertanggung jawab jika layanan terganggu karena bencana alam?,"['tersebut diatas diakui Nasabah memiliki kekuatan hukum \nyang sama dengan perintah tertulis yang ditandatangani \noleh Nasabah dan mengikat Nasabah, kecuali dapat \ndibuktikan sebaliknya. \n7. Nasabah dengan ini menyatakan telah mengetahui dan \nmenyadari sepenuhnya segala risiko yang timbul dari \ntransaksi, \nbaik \nyang \ndilakukan \nmelalui \nATM/CDM, \nMerchant, atau tempat-tempat yang ditentukan oleh Bank \ndan bertanggung jawab penuh atas seluruh transaksi yang \ntelah dilakukan, termasuk jika terjadi penyalahgunaan \nRekening, Kartu Debit/ATM dan/atau layanan perbankan \noleh sebab apapun juga, kecuali dapat dibuktikan bahwa \nkerugian yang timbul tersebut karena kesalahan/kelalaian \nBank.', '33 \nalamat, nomor telepon, NPWP, tanda tangan, dan hal-\nhal \nlain \nyang \nmenyimpang/berbeda \ndari \ndata/ \nketerangan yang pernah diberikan Nasabah kepada \nBank berkaitan dengan Rekening/layanan Nasabah. \nUntuk \nmaksud \nperubahan \ndata \ntersebut \ndapat \ndilakukan melalui counter Bank/Hello Danamon atau \nmedia lainnya yang ditentukan oleh Bank setelah \ndilakukan otorisasi berdasarkan PIN ATM atau tanda \ntangan. Kelalaian Nasabah tidak memberitahukan \nperubahan \ntersebut \nkepada \nBank, \nsepenuhnya \nmerupakan tanggung jawab Nasabah. \ne. Nasabah bertanggung jawab penuh terhadap sanksi \nhukum yang timbul apabila dikemudian hari Bank/ \nPenyidik/PPATK \natau \ninstansi \nyang \nberwenang \nmengetahui bahwa data dan/atau keterangan/informasi \nyang telah diberikan Nasabah (termasuk identitas dan', 'bahwa \nBank \ndapat \nmenyerahkan/mengalihkan pekerjaan kepada pihak ketiga \n(termasuk perusahaan grup Bank) untuk menunjang \nkegiatan Bank didalam menyediakan produk/layanan \nuntuk Nasabah, dengan tetap memperhatikan peraturan \nperundang-undangan yang berlaku.  \nB. TANGGUNG JAWAB NASABAH UNTUK MELUNASI \nKEWAJIBAN \n1. Jika Nasabah mempunyai kewajiban kepada Bank, baik \nuntuk kewajiban yang timbul karena transaksi yang belum \ndiselesaikan oleh Nasabah, baik karena cerukan/overdraft \nmaupun kewajiban yang timbul berdasarkan Perjanjian \nKredit/Pengakuan Hutang atau perjanjian lainnya yang \ndibuat antara Nasabah dengan Bank, maka Bank berhak \ndan dengan ini diberi kuasa oleh Nasabah untuk', '24 \n9. Setiap \ntransaksi \nyang \nmenggunakan \nkartu \nyang \nmengakibatkan perubahan pada saldo Rekening akan \ndibukukan/dicatat pada Bukti Mutasi Nasabah. \n10. Nasabah wajib menyimpan kartu dengan baik dan \nmerahasiakan PIN. Apabila kartu digunakan oleh pihak lain \nyang \ntidak \nberhak \n(antara \nlain: \nkarena \nkartu \ndicuri/hilang/dipalsukan ataupun karena alasan apapun \njuga), maka Nasabah wajib segera memberitahukan \nmelalui telepon atau faksimili kepada Bank (kantor cabang \nBank yang terdekat atau Hello Danamon) untuk dilakukan \nproses pemblokiran oleh Bank. Nasabah bertanggung \njawab \natas \nkerugian \nyang \ntimbul \nakibat \nkelalaian/keterlambatan melaporkan kepada Bank, kecuali \ndapat dibuktikan sebaliknya. \n11. Nasabah wajib mengamankan kode OTP yang dikirimkan \noleh sistem Bank melalui SMS (Short Message Service) ke \nnomor seluler Nasabah yang terdaftar pada sistem Bank \natau \ndihasilkan \noleh \nDanamon \nToken \nsaat \nakan \nmelakukan transaksi sesuai dengan ketentuan yang \nberlaku pada Bank dan tidak memberikan kode tersebut \nkepada pihak lain untuk keperluan dan/atau dengan alasan \napapun. Bank tidak bertanggung jawab atas segala \nkerugian \nyang \ndiderita \nNasabah \ndan \nNasabah \nmembebaskan \nBank \ndari \nsegala \ntuntutan \nakibat \npenyalahgunaan informasi kartu, nomor selular yang \nterdaftar pada sistem Bank, pemberian kode OTP oleh \nNasabah kepada pihak lain dan/atau kesalahan dan \nkelalaian Nasabah lainnya. Apabila Nasabah mengalami \ndan mengetahui terdapat usaha-usaha dari pihak lain', '13 \n2. Bank berhak dan dengan ini diberikan kuasa oleh \nNasabah untuk melakukan koreksi (sesuai dengan \nprosedur yang berlaku pada Bank apabila terdapat \nkekeliruan \ndidalam \nmengadministrasikan \nRekening \nNasabah \ntermasuk \nuntuk \npembukaan \nRekening, \npembukuan \ntransaksi, \npembayaran \nbunga \nataupun \npenutupan/pencairan Rekening) dan atas hal tersebut \nakan diberitahukan oleh Bank kepada Nasabah melalui \nmedia pemberian informasi yang lazim digunakan untuk \nkeperluan tersebut, antara lain pengumuman pada kantor \ncabang Bank atau melalui media lain yang mudah diakses \nserta dengan tetap memperhatikan ketentuan peraturan \nperundang-undangan \nyang \nberlaku. \nKhusus \nkoreksi \nkarena \nkesalahan/kekeliruan \nadministrasi/pembukuan \nterhadap \nRekening \nNasabah \nyang \nmengakibatkan \npengurangan/pendebetan saldo dan pada saat koreksi \ndilakukan ternyata saldo tidak mencukupi, maka Bank \nberhak dan dengan ini diberi kuasa oleh Nasabah untuk \nmendebet/mencairkan simpanan-simpanan lainnya yang \ndimiliki Nasabah yang ada pada Bank dan/atau menagih \nkembali dengan seketika dan sekaligus kekurangannya \ntersebut kepada Nasabah.  \n3. Nasabah wajib menyimpan Bukti Mutasi/bukti kepemilikan \nRekening dengan baik agar tidak hilang dan/atau \ndisalahgunakan oleh pihak yang tidak berhak. Nasabah \nbertanggung jawab atas kehilangan, penyalahgunaan \nBukti Mutasi/bukti kepemilikan Rekening yang telah \ndiserahkan oleh Bank kepada Nasabah atau Perwakilan \nNasabah.', 'dalam butir IV.D Syarat dan Ketentuan Umum ini dan/atau \nterjadi sebab-sebab lain yang berada diluar kendali Bank \ndan dalam hal ini Bank telah melakukan langkah-langkah \nperbaikan yang wajar sesuai kelaziman dalam praktik \nperbankan.  \nD. LAYANAN HELLO DANAMON \n1. Nasabah dengan ini setuju bahwa pemberian PIN Telepon \nkepada Nasabah dan pengaktifannya dilakukan sesuai \ndengan ketentuan yang berlaku pada Bank. \n2. Jenis-jenis layanan Hello Danamon disesuaikan dengan \njenis produk dan kebijakan Bank yang tercantum pada \nmedia pemasaran yang diterbitkan/disediakan oleh Bank.  \n3. Instruksi Nasabah yang disampaikan melalui media IVR \nyang disediakan oleh Hello Danamon wajib dilakukan \nverifikasi sesuai ketentuan Bank. \n4. Jika Nasabah tidak menginginkan penggunaan PIN', 'yang timbul dari atau sehubungan dengan Syarat dan \nKetentuan Umum ini atau pelaksanaannya, maka Bank \ndan Nasabah sepakat untuk menyelesaikan sengketa \nmelalui Lembaga Alternatif Penyelesaian Sengketa yang \ndimuat dalam Daftar Lembaga Alternatif Penyelesaian \nSengketa yang ditetapkan oleh Otoritas Jasa Keuangan \natau melalui Pengadilan Negeri di tempat kantor cabang \nPemelihara Rekening.  \nF. LAIN-LAIN \n1. Syarat dan Ketentuan Umum ini merupakan bagian yang \ntidak terpisahkan dari Aplikasi Pembukaan Rekening dan/ \natau aplikasi fasilitas/layanan perbankan untuk masing-\nmasing produk/layanan yang berlaku pada Bank. \n2. Jika ada satu ketentuan dalam Syarat dan Ketentuan \nUmum ini yang oleh karena suatu ketetapan Pemerintah \natau pengadilan dilarang atau tidak dapat dilaksanakan', 'lain sesuai ketentuan Bank). Bank akan menginformasikan \nbiaya yang melekat pada produk/jasa layanan Bank dan \nperubahannya kepada Nasabah melalui media yang \nditentukan oleh Bank sebelum tanggal pelaksanaan \npendebetan biaya. Jumlah dan pelaksanaan pendebetan \nbiaya-biaya tersebut dilakukan sesuai ketentuan Bank.  \nD. FORCE MAJEURE \nNasabah setuju bahwa Bank dengan ini dibebaskan dari \ntanggung jawab atas setiap tuntutan ataupun kerugian \nyang disebabkan karena peristiwa atau kejadian yang \nberada \ndiluar \nkemampuan \nBank \n(Force \nMajeure), \ntermasuk \nnamun \ntidak \nterbatas \npada \nsabotase, \npeperangan, \npolitik, \ndikeluarkannya \nperaturan/']","Berdasarkan [SUMBER INFORMASI], Bank **tidak bertanggung jawab** atas kerugian yang timbul akibat bencana alam atau peristiwa lain termasuk sabotase, peperangan, politik (yang merupakan contoh Force Majeure).

Bank dibebaskan dari tanggung jawab tersebut karena kejadian-kejadian seperti saboteage dan perang adalah kategori *Force Majeure* di mana terjadi hal luar kendali Bank.","Tidak. Bank dibebaskan dari tanggung jawab atas tuntutan atau kerugian akibat Force Majeure, termasuk bencana alam, huru-hara, epidemi, kebakaran, dan gangguan teknologi baru, selama Bank telah melakukan langkah perbaikan yang wajar.",,,,
